year,site_id,research_location,institution,state,latitude,longitude,avg_annual_rainfall_mm,mean_temp_c,drought_index,soil_moisture_index,estimated_drr_incidence_percent,macrophomina_risk_score,risk_class,pulse_yield_t_ha,chickpea_variety,management_practice,irrigation_type,soil_type,agro_climatic_zone
2015,IND001,Anantapuramu,Regional Agricultural Research Station,Andhra Pradesh,14.6819,77.6006,646,30.9,0.25,0.39,28.8,99,Very High,1.84,ICCV 10,Bio-control,Rainfed,Black Cotton Soil,Scarce Rainfall Zone
2016,IND001,Anantapuramu,Regional Agricultural Research Station,Andhra Pradesh,14.6819,77.6006,581.8,33.1,0.28,0.38,28.9,99,Very High,1.46,Asha,Precision Farming,Protective Irrigation,Vertisol,Scarce Rainfall Zone
2017,IND001,Anantapuramu,Regional Agricultural Research Station,Andhra Pradesh,14.6819,77.6006,491.6,29.6,0.79,0.4,29.4,99,Very High,2.17,ICCV 10,Climate-smart Agriculture,Protective Irrigation,Alluvial Soil,Scarce Rainfall Zone
2018,IND001,Anantapuramu,Regional Agricultural Research Station,Andhra Pradesh,14.6819,77.6006,644.4,30.1,0.74,0.42,27.4,99,Very High,1.06,Pusa 256,Integrated Disease Management,Protective Irrigation,Red Sandy Loam,Scarce Rainfall Zone
2019,IND001,Anantapuramu,Regional Agricultural Research Station,Andhra Pradesh,14.6819,77.6006,487.2,31.7,0.75,0.42,29.1,99,Very High,2.25,BG 372,Climate-smart Agriculture,Drip-assisted,Vertisol,Scarce Rainfall Zone
2020,IND001,Anantapuramu,Regional Agricultural Research Station,Andhra Pradesh,14.6819,77.6006,590,28.3,0.42,0.38,25.7,99,Very High,1.41,BG 372,Microbial Consortium,Rainfed,Black Cotton Soil,Scarce Rainfall Zone
2021,IND001,Anantapuramu,Regional Agricultural Research Station,Andhra Pradesh,14.6819,77.6006,493.8,31.6,0.82,0.21,30.9,99,Very High,1.94,KAK 2,AI Advisory,Protective Irrigation,Lateritic Soil,Scarce Rainfall Zone
2022,IND001,Anantapuramu,Regional Agricultural Research Station,Andhra Pradesh,14.6819,77.6006,525,31.6,0.9,0.17,29.2,99,Very High,0.78,Pusa 372,Bio-control,Rainfed,Red Sandy Soil,Scarce Rainfall Zone
2023,IND001,Anantapuramu,Regional Agricultural Research Station,Andhra Pradesh,14.6819,77.6006,529.4,27.2,0.8,0.33,30.6,99,Very High,1.47,Pusa 372,Climate-smart Agriculture,Supplemental Irrigation,Vertisol,Scarce Rainfall Zone
2024,IND001,Anantapuramu,Regional Agricultural Research Station,Andhra Pradesh,14.6819,77.6006,579.2,29.8,0.89,0.44,32.3,99,Very High,1.06,ICCV 10,AI Advisory,Supplemental Irrigation,Loamy Soil,Scarce Rainfall Zone
2025,IND001,Anantapuramu,Regional Agricultural Research Station,Andhra Pradesh,14.6819,77.6006,546,25,0.59,0.42,29.7,99,Very High,1.35,HC 5,Bio-control,Drip-assisted,Loamy Soil,Scarce Rainfall Zone
2015,IND002,Guntur,Regional Agricultural Research Station ANGRAU Lam,Andhra Pradesh,16.3067,80.4365,772,32.8,0.82,0.38,10.6,41.3,Moderate,2.26,KAK 2,Microbial Consortium,Protective Irrigation,Loamy Soil,Krishna-Godavari Zone
2016,IND002,Guntur,Regional Agricultural Research Station ANGRAU Lam,Andhra Pradesh,16.3067,80.4365,867.8,24.2,0.56,0.24,13.7,53.4,Moderate,1.63,JG 11,Precision Farming,Drip-assisted,Vertisol,Krishna-Godavari Zone
2017,IND002,Guntur,Regional Agricultural Research Station ANGRAU Lam,Andhra Pradesh,16.3067,80.4365,858.6,25.8,0.52,0.46,14.6,56.9,Moderate,1.69,Vijay,AI Advisory,Supplemental Irrigation,Lateritic Soil,Krishna-Godavari Zone
2018,IND002,Guntur,Regional Agricultural Research Station ANGRAU Lam,Andhra Pradesh,16.3067,80.4365,769.4,24.5,0.26,0.25,14.7,57.3,Moderate,0.61,Pusa 256,AI Advisory,Drip-assisted,Loamy Soil,Krishna-Godavari Zone
2019,IND002,Guntur,Regional Agricultural Research Station ANGRAU Lam,Andhra Pradesh,16.3067,80.4365,932.2,31.7,0.46,0.35,15.5,60.4,Moderate,1.08,ICCV 10,Integrated Disease Management,Rainfed,Black Cotton Soil,Krishna-Godavari Zone
2020,IND002,Guntur,Regional Agricultural Research Station ANGRAU Lam,Andhra Pradesh,16.3067,80.4365,811,32.5,0.65,0.27,16.3,63.6,Moderate,1.56,HC 5,AI Advisory,Drip-assisted,Loamy Soil,Krishna-Godavari Zone
2021,IND002,Guntur,Regional Agricultural Research Station ANGRAU Lam,Andhra Pradesh,16.3067,80.4365,918.8,27.5,0.66,0.35,10.8,42.1,Moderate,0.8,BG 372,Climate-smart Agriculture,Protective Irrigation,Lateritic Soil,Krishna-Godavari Zone
2022,IND002,Guntur,Regional Agricultural Research Station ANGRAU Lam,Andhra Pradesh,16.3067,80.4365,779.6,26.3,0.6,0.19,16.4,64,Moderate,0.77,BG 372,AI Advisory,Supplemental Irrigation,Red Sandy Loam,Krishna-Godavari Zone
2023,IND002,Guntur,Regional Agricultural Research Station ANGRAU Lam,Andhra Pradesh,16.3067,80.4365,846.4,26.7,0.71,0.53,13.8,53.8,Moderate,1.7,HC 5,AI Advisory,Supplemental Irrigation,Black Cotton Soil,Krishna-Godavari Zone
2024,IND002,Guntur,Regional Agricultural Research Station ANGRAU Lam,Andhra Pradesh,16.3067,80.4365,758.2,26.1,0.55,0.52,15.4,60.1,Moderate,0.65,BG 372,Integrated Disease Management,Protective Irrigation,Alluvial Soil,Krishna-Godavari Zone
2025,IND002,Guntur,Regional Agricultural Research Station ANGRAU Lam,Andhra Pradesh,16.3067,80.4365,833,28.5,0.6,0.19,14.4,56.2,Moderate,2.18,Asha,AI Advisory,Protective Irrigation,Red Sandy Loam,Krishna-Godavari Zone
2015,IND003,Kadapa,Yogi Vemana University,Andhra Pradesh,14.4673,78.8242,727,28.7,0.65,0.33,18.2,71,High,2.19,JG 11,Microbial Consortium,Rainfed,Alluvial Soil,Rayalaseema Dry Zone
2016,IND003,Kadapa,Yogi Vemana University,Andhra Pradesh,14.4673,78.8242,678.8,30.5,0.26,0.47,22.7,88.5,High,1.37,JG 14,Microbial Consortium,Supplemental Irrigation,Loamy Soil,Rayalaseema Dry Zone
2017,IND003,Kadapa,Yogi Vemana University,Andhra Pradesh,14.4673,78.8242,714.6,32.6,0.71,0.24,21.5,83.8,High,0.66,Pusa 256,Climate-smart Agriculture,Supplemental Irrigation,Loamy Soil,Rayalaseema Dry Zone
2018,IND003,Kadapa,Yogi Vemana University,Andhra Pradesh,14.4673,78.8242,657.4,32.9,0.41,0.37,18,70.2,High,1.71,Pusa 372,AI Advisory,Drip-assisted,Vertisol,Rayalaseema Dry Zone
2019,IND003,Kadapa,Yogi Vemana University,Andhra Pradesh,14.4673,78.8242,705.2,27.9,0.58,0.36,22.9,89.3,High,1.09,Pusa 256,AI Advisory,Supplemental Irrigation,Loamy Soil,Rayalaseema Dry Zone
2020,IND003,Kadapa,Yogi Vemana University,Andhra Pradesh,14.4673,78.8242,778,33.5,0.55,0.22,19.7,76.8,High,2.19,JG 11,Microbial Consortium,Drip-assisted,Red Sandy Loam,Rayalaseema Dry Zone
2021,IND003,Kadapa,Yogi Vemana University,Andhra Pradesh,14.4673,78.8242,735.8,31.2,0.68,0.54,24.1,94,High,0.96,ICCV 10,Precision Farming,Supplemental Irrigation,Red Sandy Loam,Rayalaseema Dry Zone
2022,IND003,Kadapa,Yogi Vemana University,Andhra Pradesh,14.4673,78.8242,671.6,25,0.78,0.5,22.6,88.1,High,1.21,JG 11,Microbial Consortium,Supplemental Irrigation,Black Cotton Soil,Rayalaseema Dry Zone
2023,IND003,Kadapa,Yogi Vemana University,Andhra Pradesh,14.4673,78.8242,667.4,32.3,0.81,0.43,19,74.1,High,2.19,Pusa 372,Integrated Disease Management,Supplemental Irrigation,Red Sandy Loam,Rayalaseema Dry Zone
2024,IND003,Kadapa,Yogi Vemana University,Andhra Pradesh,14.4673,78.8242,640.2,31.8,0.56,0.54,21.2,82.7,High,0.74,ICCV 10,Precision Farming,Rainfed,Red Sandy Loam,Rayalaseema Dry Zone
2025,IND003,Kadapa,Yogi Vemana University,Andhra Pradesh,14.4673,78.8242,753,29.4,0.64,0.44,20.7,80.7,High,1.86,BG 372,Climate-smart Agriculture,Rainfed,Vertisol,Rayalaseema Dry Zone
2015,IND004,Kurnool,Dryland Agricultural Research Farm,Andhra Pradesh,15.8281,78.0373,617,28.7,0.82,0.44,21,81.9,Very High,1.93,BG 372,Microbial Consortium,Protective Irrigation,Alluvial Soil,Southern Dry Zone
2016,IND004,Kurnool,Dryland Agricultural Research Farm,Andhra Pradesh,15.8281,78.0373,639.8,32.4,0.68,0.45,21.9,85.4,Very High,1.52,HC 5,AI Advisory,Rainfed,Alluvial Soil,Southern Dry Zone
2017,IND004,Kurnool,Dryland Agricultural Research Farm,Andhra Pradesh,15.8281,78.0373,723.6,29.7,0.82,0.49,25.7,99,Very High,1.74,ICCV 10,Integrated Disease Management,Drip-assisted,Alluvial Soil,Southern Dry Zone
2018,IND004,Kurnool,Dryland Agricultural Research Farm,Andhra Pradesh,15.8281,78.0373,549.4,26.8,0.54,0.5,21.5,83.8,Very High,1.08,JG 14,Integrated Disease Management,Drip-assisted,Black Cotton Soil,Southern Dry Zone
2019,IND004,Kurnool,Dryland Agricultural Research Farm,Andhra Pradesh,15.8281,78.0373,610.2,25.3,0.35,0.27,27,99,Very High,0.95,JG 14,AI Advisory,Supplemental Irrigation,Loamy Soil,Southern Dry Zone
2020,IND004,Kurnool,Dryland Agricultural Research Farm,Andhra Pradesh,15.8281,78.0373,707,24.5,0.7,0.43,24.4,95.2,Very High,1.25,JG 14,Integrated Disease Management,Supplemental Irrigation,Black Cotton Soil,Southern Dry Zone
2021,IND004,Kurnool,Dryland Agricultural Research Farm,Andhra Pradesh,15.8281,78.0373,655.8,30.8,0.76,0.39,28.6,99,Very High,1.36,HC 5,Integrated Disease Management,Drip-assisted,Black Cotton Soil,Southern Dry Zone
2022,IND004,Kurnool,Dryland Agricultural Research Farm,Andhra Pradesh,15.8281,78.0373,559.6,30.5,0.45,0.27,25,97.5,Very High,2.19,KAK 2,Bio-control,Supplemental Irrigation,Red Sandy Loam,Southern Dry Zone
2023,IND004,Kurnool,Dryland Agricultural Research Farm,Andhra Pradesh,15.8281,78.0373,620.4,30.2,0.69,0.54,26.4,99,Very High,1.47,HC 5,Precision Farming,Supplemental Irrigation,Loamy Soil,Southern Dry Zone
2024,IND004,Kurnool,Dryland Agricultural Research Farm,Andhra Pradesh,15.8281,78.0373,637.2,27.4,0.62,0.49,28.2,99,Very High,1.87,JG 14,Microbial Consortium,Protective Irrigation,Vertisol,Southern Dry Zone
2025,IND004,Kurnool,Dryland Agricultural Research Farm,Andhra Pradesh,15.8281,78.0373,693,27.3,0.87,0.35,22.7,88.5,Very High,2.15,HC 5,Integrated Disease Management,Supplemental Irrigation,Black Cotton Soil,Southern Dry Zone
2015,IND005,Tirupati,Sri Venkateswara Agricultural College,Andhra Pradesh,13.6288,79.4192,872,24,0.73,0.46,13.4,52.3,Moderate,1.86,JG 14,Microbial Consortium,Supplemental Irrigation,Lateritic Soil,Southern Agro-Climatic Zone
2016,IND005,Tirupati,Sri Venkateswara Agricultural College,Andhra Pradesh,13.6288,79.4192,913.8,29.5,0.32,0.47,10.8,42.1,Moderate,1.03,BG 372,Microbial Consortium,Drip-assisted,Black Cotton Soil,Southern Agro-Climatic Zone
2017,IND005,Tirupati,Sri Venkateswara Agricultural College,Andhra Pradesh,13.6288,79.4192,908.6,29.9,0.26,0.53,8.3,32.4,Moderate,1.65,JG 14,Integrated Disease Management,Rainfed,Vertisol,Southern Agro-Climatic Zone
2018,IND005,Tirupati,Sri Venkateswara Agricultural College,Andhra Pradesh,13.6288,79.4192,979.4,26.1,0.55,0.48,13.3,51.9,Moderate,2.2,BG 372,Bio-control,Rainfed,Vertisol,Southern Agro-Climatic Zone
2019,IND005,Tirupati,Sri Venkateswara Agricultural College,Andhra Pradesh,13.6288,79.4192,951.2,29,0.77,0.26,13.3,51.9,Moderate,0.86,Pusa 372,Bio-control,Supplemental Irrigation,Loamy Soil,Southern Agro-Climatic Zone
2020,IND005,Tirupati,Sri Venkateswara Agricultural College,Andhra Pradesh,13.6288,79.4192,877,30.1,0.35,0.29,10.4,40.6,Moderate,1.62,JG 14,Integrated Disease Management,Drip-assisted,Loamy Soil,Southern Agro-Climatic Zone
2021,IND005,Tirupati,Sri Venkateswara Agricultural College,Andhra Pradesh,13.6288,79.4192,997.8,26.3,0.87,0.26,13.1,51.1,Moderate,1.87,JG 11,Microbial Consortium,Protective Irrigation,Lateritic Soil,Southern Agro-Climatic Zone
2022,IND005,Tirupati,Sri Venkateswara Agricultural College,Andhra Pradesh,13.6288,79.4192,922.6,32.4,0.51,0.43,10.2,39.8,Moderate,2.15,Pusa 372,Integrated Disease Management,Supplemental Irrigation,Lateritic Soil,Southern Agro-Climatic Zone
2023,IND005,Tirupati,Sri Venkateswara Agricultural College,Andhra Pradesh,13.6288,79.4192,910.4,31.8,0.62,0.42,13.6,53,Moderate,2.32,BG 372,Integrated Disease Management,Supplemental Irrigation,Black Cotton Soil,Southern Agro-Climatic Zone
2024,IND005,Tirupati,Sri Venkateswara Agricultural College,Andhra Pradesh,13.6288,79.4192,848.2,26.1,0.39,0.48,13.4,52.3,Moderate,1.31,Vijay,Precision Farming,Protective Irrigation,Vertisol,Southern Agro-Climatic Zone
2025,IND005,Tirupati,Sri Venkateswara Agricultural College,Andhra Pradesh,13.6288,79.4192,865,27.1,0.63,0.43,10,39,Moderate,1.05,HC 5,Integrated Disease Management,Drip-assisted,Black Cotton Soil,Southern Agro-Climatic Zone
2015,IND006,Bhagalpur,Bihar Agricultural University Sabour,Bihar,25.2425,87.0436,1209,27.4,0.42,0.48,7.1,27.7,Low,1.5,JG 11,Climate-smart Agriculture,Rainfed,Black Cotton Soil,Middle Gangetic Plains
2016,IND006,Bhagalpur,Bihar Agricultural University Sabour,Bihar,25.2425,87.0436,1128.8,31.9,0.35,0.34,2.2,8.6,Low,1.62,JG 14,AI Advisory,Drip-assisted,Loamy Soil,Middle Gangetic Plains
2017,IND006,Bhagalpur,Bihar Agricultural University Sabour,Bihar,25.2425,87.0436,1118.6,32.9,0.4,0.43,7.1,27.7,Low,2.25,Pusa 372,Precision Farming,Rainfed,Alluvial Soil,Middle Gangetic Plains
2018,IND006,Bhagalpur,Bihar Agricultural University Sabour,Bihar,25.2425,87.0436,1147.4,24.4,0.7,0.25,9.2,35.9,Low,2,KAK 2,Integrated Disease Management,Rainfed,Vertisol,Middle Gangetic Plains
2019,IND006,Bhagalpur,Bihar Agricultural University Sabour,Bihar,25.2425,87.0436,1110.2,28.8,0.66,0.43,5.9,23,Low,1.38,JG 14,Bio-control,Drip-assisted,Alluvial Soil,Middle Gangetic Plains
2020,IND006,Bhagalpur,Bihar Agricultural University Sabour,Bihar,25.2425,87.0436,1212,28.6,0.67,0.2,4.4,17.2,Low,2.3,HC 5,Bio-control,Supplemental Irrigation,Lateritic Soil,Middle Gangetic Plains
2021,IND006,Bhagalpur,Bihar Agricultural University Sabour,Bihar,25.2425,87.0436,1167.8,30.8,0.66,0.33,7.4,28.9,Low,2.02,BG 372,Integrated Disease Management,Protective Irrigation,Vertisol,Middle Gangetic Plains
2022,IND006,Bhagalpur,Bihar Agricultural University Sabour,Bihar,25.2425,87.0436,1233.6,32.4,0.81,0.25,10,39,Low,0.95,HC 5,AI Advisory,Supplemental Irrigation,Lateritic Soil,Middle Gangetic Plains
2023,IND006,Bhagalpur,Bihar Agricultural University Sabour,Bihar,25.2425,87.0436,1189.4,25.5,0.67,0.25,6.5,25.3,Low,1.49,Asha,Precision Farming,Supplemental Irrigation,Lateritic Soil,Middle Gangetic Plains
2024,IND006,Bhagalpur,Bihar Agricultural University Sabour,Bihar,25.2425,87.0436,1181.2,26.6,0.74,0.39,7.6,29.6,Low,1.66,KAK 2,AI Advisory,Supplemental Irrigation,Black Cotton Soil,Middle Gangetic Plains
2025,IND006,Bhagalpur,Bihar Agricultural University Sabour,Bihar,25.2425,87.0436,1235,32.3,0.83,0.35,5.3,20.7,Low,1.57,KAK 2,Precision Farming,Supplemental Irrigation,Alluvial Soil,Middle Gangetic Plains
2015,IND007,Samastipur,Dr. Rajendra Prasad Central Agricultural University,Bihar,25.98,85.67,1133,33.4,0.53,0.18,6.1,23.8,Low,1.57,HC 5,Microbial Consortium,Supplemental Irrigation,Loamy Soil,Middle Gangetic Plains
2016,IND007,Samastipur,Dr. Rajendra Prasad Central Agricultural University,Bihar,25.98,85.67,1265.8,31.8,0.35,0.21,3.7,14.4,Low,2.13,Vijay,AI Advisory,Rainfed,Vertisol,Middle Gangetic Plains
2017,IND007,Samastipur,Dr. Rajendra Prasad Central Agricultural University,Bihar,25.98,85.67,1092.6,32.8,0.3,0.36,7.3,28.5,Low,2.11,JG 14,Climate-smart Agriculture,Protective Irrigation,Black Cotton Soil,Middle Gangetic Plains
2018,IND007,Samastipur,Dr. Rajendra Prasad Central Agricultural University,Bihar,25.98,85.67,1191.4,28.1,0.57,0.36,3.8,14.8,Low,1.94,JG 11,Climate-smart Agriculture,Drip-assisted,Lateritic Soil,Middle Gangetic Plains
2019,IND007,Samastipur,Dr. Rajendra Prasad Central Agricultural University,Bihar,25.98,85.67,1219.2,26.3,0.54,0.34,3.2,12.5,Low,2.28,JG 11,Climate-smart Agriculture,Supplemental Irrigation,Vertisol,Middle Gangetic Plains
2020,IND007,Samastipur,Dr. Rajendra Prasad Central Agricultural University,Bihar,25.98,85.67,1191,30.9,0.31,0.4,3.4,13.3,Low,2.37,HC 5,AI Advisory,Supplemental Irrigation,Red Sandy Loam,Middle Gangetic Plains
2021,IND007,Samastipur,Dr. Rajendra Prasad Central Agricultural University,Bihar,25.98,85.67,1212.8,31,0.86,0.49,9.2,35.9,Low,1.49,Asha,Microbial Consortium,Rainfed,Vertisol,Middle Gangetic Plains
2022,IND007,Samastipur,Dr. Rajendra Prasad Central Agricultural University,Bihar,25.98,85.67,1116.6,28.1,0.49,0.46,5.5,21.4,Low,1.31,JG 11,Climate-smart Agriculture,Protective Irrigation,Loamy Soil,Middle Gangetic Plains
2023,IND007,Samastipur,Dr. Rajendra Prasad Central Agricultural University,Bihar,25.98,85.67,1088.4,31.5,0.77,0.34,9.6,37.4,Low,1.89,KAK 2,Climate-smart Agriculture,Drip-assisted,Black Cotton Soil,Middle Gangetic Plains
2024,IND007,Samastipur,Dr. Rajendra Prasad Central Agricultural University,Bihar,25.98,85.67,1116.2,28.5,0.68,0.28,7.1,27.7,Low,2.17,Vijay,Microbial Consortium,Supplemental Irrigation,Vertisol,Middle Gangetic Plains
2025,IND007,Samastipur,Dr. Rajendra Prasad Central Agricultural University,Bihar,25.98,85.67,1236,27.9,0.64,0.25,6.3,24.6,Low,1.63,Pusa 256,Precision Farming,Protective Irrigation,Red Sandy Loam,Middle Gangetic Plains
2015,IND008,Raipur,Indira Gandhi Krishi Vishwavidyalaya,Chhattisgarh,21.2514,81.6296,1173,25.7,0.58,0.42,3.3,12.9,Low,1.75,Vijay,Climate-smart Agriculture,Supplemental Irrigation,Alluvial Soil,Eastern Plateau
2016,IND008,Raipur,Indira Gandhi Krishi Vishwavidyalaya,Chhattisgarh,21.2514,81.6296,1234.8,30.3,0.87,0.24,8.7,33.9,Low,1.31,BG 372,Integrated Disease Management,Protective Irrigation,Vertisol,Eastern Plateau
2017,IND008,Raipur,Indira Gandhi Krishi Vishwavidyalaya,Chhattisgarh,21.2514,81.6296,1293.6,24.4,0.51,0.51,9.5,37,Low,1.83,HC 5,Bio-control,Drip-assisted,Black Cotton Soil,Eastern Plateau
2018,IND008,Raipur,Indira Gandhi Krishi Vishwavidyalaya,Chhattisgarh,21.2514,81.6296,1271.4,28.6,0.72,0.47,9.8,38.2,Low,0.82,Pusa 256,Bio-control,Protective Irrigation,Alluvial Soil,Eastern Plateau
2019,IND008,Raipur,Indira Gandhi Krishi Vishwavidyalaya,Chhattisgarh,21.2514,81.6296,1227.2,28.9,0.84,0.42,9.2,35.9,Low,1.4,HC 5,AI Advisory,Drip-assisted,Vertisol,Eastern Plateau
2020,IND008,Raipur,Indira Gandhi Krishi Vishwavidyalaya,Chhattisgarh,21.2514,81.6296,1296,25.7,0.77,0.24,6.7,26.1,Low,1.6,ICCV 10,Bio-control,Protective Irrigation,Vertisol,Eastern Plateau
2021,IND008,Raipur,Indira Gandhi Krishi Vishwavidyalaya,Chhattisgarh,21.2514,81.6296,1292.8,32.6,0.83,0.42,4.4,17.2,Low,1.5,ICCV 10,Integrated Disease Management,Drip-assisted,Red Sandy Loam,Eastern Plateau
2022,IND008,Raipur,Indira Gandhi Krishi Vishwavidyalaya,Chhattisgarh,21.2514,81.6296,1198.6,32.3,0.58,0.27,5.5,21.4,Low,2.09,HC 5,Bio-control,Supplemental Irrigation,Lateritic Soil,Eastern Plateau
2023,IND008,Raipur,Indira Gandhi Krishi Vishwavidyalaya,Chhattisgarh,21.2514,81.6296,1120.4,32.4,0.57,0.38,5.5,21.4,Low,1.6,Pusa 256,Precision Farming,Protective Irrigation,Black Cotton Soil,Eastern Plateau
2024,IND008,Raipur,Indira Gandhi Krishi Vishwavidyalaya,Chhattisgarh,21.2514,81.6296,1186.2,26.5,0.4,0.19,6.6,25.7,Low,0.67,Vijay,AI Advisory,Rainfed,Lateritic Soil,Eastern Plateau
2025,IND008,Raipur,Indira Gandhi Krishi Vishwavidyalaya,Chhattisgarh,21.2514,81.6296,1150,31.6,0.75,0.49,9,35.1,Low,2.21,HC 5,Integrated Disease Management,Supplemental Irrigation,Vertisol,Eastern Plateau
2015,IND009,Rajnandgaon,Dryland Pulse Research Station,Chhattisgarh,21.0974,81.033,1060,24.3,0.32,0.26,7.9,30.8,Moderate,2.32,Asha,Microbial Consortium,Drip-assisted,Vertisol,Chhattisgarh Plains
2016,IND009,Rajnandgaon,Dryland Pulse Research Station,Chhattisgarh,21.0974,81.033,1122.8,27.4,0.51,0.21,10.3,40.2,Moderate,1.72,Asha,Climate-smart Agriculture,Supplemental Irrigation,Alluvial Soil,Chhattisgarh Plains
2017,IND009,Rajnandgaon,Dryland Pulse Research Station,Chhattisgarh,21.0974,81.033,1158.6,27.2,0.72,0.29,6.8,26.5,Moderate,0.73,JG 11,Bio-control,Supplemental Irrigation,Loamy Soil,Chhattisgarh Plains
2018,IND009,Rajnandgaon,Dryland Pulse Research Station,Chhattisgarh,21.0974,81.033,1123.4,32.3,0.78,0.4,5,19.5,Moderate,1.75,Pusa 372,AI Advisory,Protective Irrigation,Loamy Soil,Chhattisgarh Plains
2019,IND009,Rajnandgaon,Dryland Pulse Research Station,Chhattisgarh,21.0974,81.033,1024.2,31.2,0.4,0.53,10.7,41.7,Moderate,1.04,Asha,Precision Farming,Supplemental Irrigation,Red Sandy Loam,Chhattisgarh Plains
2020,IND009,Rajnandgaon,Dryland Pulse Research Station,Chhattisgarh,21.0974,81.033,1151,26.8,0.66,0.27,9.5,37,Moderate,0.86,JG 11,AI Advisory,Supplemental Irrigation,Black Cotton Soil,Chhattisgarh Plains
2021,IND009,Rajnandgaon,Dryland Pulse Research Station,Chhattisgarh,21.0974,81.033,1094.8,29.6,0.32,0.48,10.4,40.6,Moderate,1.37,JG 11,Microbial Consortium,Protective Irrigation,Vertisol,Chhattisgarh Plains
2022,IND009,Rajnandgaon,Dryland Pulse Research Station,Chhattisgarh,21.0974,81.033,1112.6,32.9,0.71,0.53,9.8,38.2,Moderate,0.73,Pusa 372,Microbial Consortium,Drip-assisted,Black Cotton Soil,Chhattisgarh Plains
2023,IND009,Rajnandgaon,Dryland Pulse Research Station,Chhattisgarh,21.0974,81.033,1103.4,32.8,0.26,0.51,7,27.3,Moderate,1.6,Pusa 256,AI Advisory,Supplemental Irrigation,Loamy Soil,Chhattisgarh Plains
2024,IND009,Rajnandgaon,Dryland Pulse Research Station,Chhattisgarh,21.0974,81.033,1060.2,31.1,0.77,0.47,9.9,38.6,Moderate,1.54,BG 372,AI Advisory,Protective Irrigation,Black Cotton Soil,Chhattisgarh Plains
2025,IND009,Rajnandgaon,Dryland Pulse Research Station,Chhattisgarh,21.0974,81.033,1059,24.6,0.63,0.51,11.7,45.6,Moderate,2.23,Vijay,Climate-smart Agriculture,Drip-assisted,Alluvial Soil,Chhattisgarh Plains
2015,IND010,New Delhi,ICAR National Bureau of Plant Genetic Resources,Delhi,28.6408,77.1585,807,31.8,0.5,0.28,7.3,28.5,Moderate,1.88,JG 11,Precision Farming,Protective Irrigation,Alluvial Soil,Upper Indo-Gangetic Plains
2016,IND010,New Delhi,ICAR National Bureau of Plant Genetic Resources,Delhi,28.6408,77.1585,856.8,24.8,0.4,0.25,7.3,28.5,Moderate,1.73,HC 5,Bio-control,Protective Irrigation,Alluvial Soil,Upper Indo-Gangetic Plains
2017,IND010,New Delhi,ICAR National Bureau of Plant Genetic Resources,Delhi,28.6408,77.1585,869.6,29.7,0.66,0.26,9.8,38.2,Moderate,1.18,JG 14,Microbial Consortium,Rainfed,Lateritic Soil,Upper Indo-Gangetic Plains
2018,IND010,New Delhi,ICAR National Bureau of Plant Genetic Resources,Delhi,28.6408,77.1585,835.4,31.4,0.61,0.29,9.9,38.6,Moderate,0.84,Asha,Microbial Consortium,Protective Irrigation,Alluvial Soil,Upper Indo-Gangetic Plains
2019,IND010,New Delhi,ICAR National Bureau of Plant Genetic Resources,Delhi,28.6408,77.1585,818.2,29.9,0.57,0.26,11.5,44.9,Moderate,1.38,Pusa 372,Bio-control,Supplemental Irrigation,Black Cotton Soil,Upper Indo-Gangetic Plains
2020,IND010,New Delhi,ICAR National Bureau of Plant Genetic Resources,Delhi,28.6408,77.1585,753,25.4,0.72,0.34,9.4,36.7,Moderate,1.28,JG 11,Precision Farming,Supplemental Irrigation,Alluvial Soil,Upper Indo-Gangetic Plains
2021,IND010,New Delhi,ICAR National Bureau of Plant Genetic Resources,Delhi,28.6408,77.1585,836.8,30.2,0.34,0.18,14.2,55.4,Moderate,2.12,BG 372,Precision Farming,Drip-assisted,Vertisol,Upper Indo-Gangetic Plains
2022,IND010,New Delhi,ICAR National Bureau of Plant Genetic Resources,Delhi,28.6408,77.1585,776.6,27.6,0.67,0.19,10.2,39.8,Moderate,1.91,KAK 2,Integrated Disease Management,Protective Irrigation,Black Cotton Soil,Upper Indo-Gangetic Plains
2023,IND010,New Delhi,ICAR National Bureau of Plant Genetic Resources,Delhi,28.6408,77.1585,790.4,24.1,0.72,0.44,11.2,43.7,Moderate,0.7,Pusa 256,Climate-smart Agriculture,Supplemental Irrigation,Vertisol,Upper Indo-Gangetic Plains
2024,IND010,New Delhi,ICAR National Bureau of Plant Genetic Resources,Delhi,28.6408,77.1585,708.2,24.8,0.4,0.4,12.5,48.8,Moderate,1.3,KAK 2,AI Advisory,Drip-assisted,Red Sandy Loam,Upper Indo-Gangetic Plains
2025,IND010,New Delhi,ICAR National Bureau of Plant Genetic Resources,Delhi,28.6408,77.1585,839,24.6,0.57,0.31,15.1,58.9,Moderate,1.65,Pusa 372,Climate-smart Agriculture,Rainfed,Black Cotton Soil,Upper Indo-Gangetic Plains
2015,IND011,New Delhi,Indian Agricultural Research Institute IARI,Delhi,28.6391,77.16,794,25.2,0.58,0.34,11.6,45.2,Moderate,1.85,JG 14,Microbial Consortium,Supplemental Irrigation,Loamy Soil,Upper Indo-Gangetic Plains
2016,IND011,New Delhi,Indian Agricultural Research Institute IARI,Delhi,28.6391,77.16,700.8,31.4,0.33,0.43,14.1,55,Moderate,2.18,JG 14,Integrated Disease Management,Supplemental Irrigation,Vertisol,Upper Indo-Gangetic Plains
2017,IND011,New Delhi,Indian Agricultural Research Institute IARI,Delhi,28.6391,77.16,718.6,31.6,0.43,0.39,11.5,44.9,Moderate,1.9,BG 372,Microbial Consortium,Drip-assisted,Red Sandy Loam,Upper Indo-Gangetic Plains
2018,IND011,New Delhi,Indian Agricultural Research Institute IARI,Delhi,28.6391,77.16,790.4,24.6,0.85,0.19,12.3,48,Moderate,0.94,Pusa 372,Bio-control,Rainfed,Black Cotton Soil,Upper Indo-Gangetic Plains
2019,IND011,New Delhi,Indian Agricultural Research Institute IARI,Delhi,28.6391,77.16,755.2,26.7,0.59,0.23,9.8,38.2,Moderate,1.19,Pusa 256,Precision Farming,Supplemental Irrigation,Vertisol,Upper Indo-Gangetic Plains
2020,IND011,New Delhi,Indian Agricultural Research Institute IARI,Delhi,28.6391,77.16,806,32.6,0.43,0.2,12.2,47.6,Moderate,2.18,KAK 2,Microbial Consortium,Rainfed,Loamy Soil,Upper Indo-Gangetic Plains
2021,IND011,New Delhi,Indian Agricultural Research Institute IARI,Delhi,28.6391,77.16,730.8,29.1,0.6,0.41,14.6,56.9,Moderate,1.17,JG 14,AI Advisory,Rainfed,Red Sandy Loam,Upper Indo-Gangetic Plains
2022,IND011,New Delhi,Indian Agricultural Research Institute IARI,Delhi,28.6391,77.16,808.6,31.1,0.74,0.35,13.2,51.5,Moderate,2,Pusa 372,Climate-smart Agriculture,Supplemental Irrigation,Black Cotton Soil,Upper Indo-Gangetic Plains
2023,IND011,New Delhi,Indian Agricultural Research Institute IARI,Delhi,28.6391,77.16,859.4,28.2,0.87,0.53,15.5,60.4,Moderate,1.56,Asha,AI Advisory,Rainfed,Black Cotton Soil,Upper Indo-Gangetic Plains
2024,IND011,New Delhi,Indian Agricultural Research Institute IARI,Delhi,28.6391,77.16,729.2,29.4,0.7,0.49,9.8,38.2,Moderate,1.79,HC 5,Climate-smart Agriculture,Drip-assisted,Lateritic Soil,Upper Indo-Gangetic Plains
2025,IND011,New Delhi,Indian Agricultural Research Institute IARI,Delhi,28.6391,77.16,763,27.7,0.41,0.27,14,54.6,Moderate,1.21,ICCV 10,Integrated Disease Management,Supplemental Irrigation,Red Sandy Loam,Upper Indo-Gangetic Plains
2015,IND012,New Delhi,National Institute of Plant Genome Research,Delhi,28.6139,77.209,709,33,0.57,0.55,9.4,36.7,Moderate,2.12,JG 11,Bio-control,Supplemental Irrigation,Black Cotton Soil,Upper Indo-Gangetic Plains
2016,IND012,New Delhi,National Institute of Plant Genome Research,Delhi,28.6139,77.209,748.8,31.8,0.84,0.2,8.2,32,Moderate,1.31,Pusa 256,Microbial Consortium,Protective Irrigation,Lateritic Soil,Upper Indo-Gangetic Plains
2017,IND012,New Delhi,National Institute of Plant Genome Research,Delhi,28.6139,77.209,772.6,32.4,0.62,0.21,11.4,44.5,Moderate,2.31,KAK 2,Integrated Disease Management,Rainfed,Alluvial Soil,Upper Indo-Gangetic Plains
2018,IND012,New Delhi,National Institute of Plant Genome Research,Delhi,28.6139,77.209,798.4,28.8,0.54,0.37,12.4,48.4,Moderate,2.31,JG 14,Climate-smart Agriculture,Drip-assisted,Red Sandy Loam,Upper Indo-Gangetic Plains
2019,IND012,New Delhi,National Institute of Plant Genome Research,Delhi,28.6139,77.209,792.2,26,0.69,0.19,14.5,56.5,Moderate,0.79,Pusa 256,Integrated Disease Management,Drip-assisted,Red Sandy Loam,Upper Indo-Gangetic Plains
2020,IND012,New Delhi,National Institute of Plant Genome Research,Delhi,28.6139,77.209,749,29.9,0.4,0.3,12.2,47.6,Moderate,2.18,Pusa 256,Microbial Consortium,Supplemental Irrigation,Black Cotton Soil,Upper Indo-Gangetic Plains
2021,IND012,New Delhi,National Institute of Plant Genome Research,Delhi,28.6139,77.209,708.8,30.7,0.72,0.51,11.3,44.1,Moderate,2.22,Vijay,Integrated Disease Management,Supplemental Irrigation,Vertisol,Upper Indo-Gangetic Plains
2022,IND012,New Delhi,National Institute of Plant Genome Research,Delhi,28.6139,77.209,774.6,29.6,0.42,0.22,14.5,56.5,Moderate,1.76,Asha,AI Advisory,Supplemental Irrigation,Loamy Soil,Upper Indo-Gangetic Plains
2023,IND012,New Delhi,National Institute of Plant Genome Research,Delhi,28.6139,77.209,835.4,24.3,0.75,0.46,11.2,43.7,Moderate,2.35,Asha,Integrated Disease Management,Supplemental Irrigation,Loamy Soil,Upper Indo-Gangetic Plains
2024,IND012,New Delhi,National Institute of Plant Genome Research,Delhi,28.6139,77.209,713.2,29.3,0.62,0.2,14.6,56.9,Moderate,0.74,KAK 2,AI Advisory,Drip-assisted,Alluvial Soil,Upper Indo-Gangetic Plains
2025,IND012,New Delhi,National Institute of Plant Genome Research,Delhi,28.6139,77.209,828,28.6,0.37,0.42,15.2,59.3,Moderate,0.89,JG 11,Bio-control,Rainfed,Lateritic Soil,Upper Indo-Gangetic Plains
2015,IND013,Pusa,National Bureau of Agriculturally Important Microorganisms,Delhi,28.639,77.152,837,24.7,0.81,0.26,9.3,36.3,Moderate,1.84,JG 14,Precision Farming,Rainfed,Loamy Soil,Semi-Arid Indo-Gangetic Zone
2016,IND013,Pusa,National Bureau of Agriculturally Important Microorganisms,Delhi,28.639,77.152,698.8,32.4,0.39,0.49,13.9,54.2,Moderate,0.78,JG 11,Integrated Disease Management,Supplemental Irrigation,Black Cotton Soil,Semi-Arid Indo-Gangetic Zone
2017,IND013,Pusa,National Bureau of Agriculturally Important Microorganisms,Delhi,28.639,77.152,713.6,29.4,0.6,0.47,14.4,56.2,Moderate,0.76,ICCV 10,AI Advisory,Supplemental Irrigation,Loamy Soil,Semi-Arid Indo-Gangetic Zone
2018,IND013,Pusa,National Bureau of Agriculturally Important Microorganisms,Delhi,28.639,77.152,828.4,32.8,0.51,0.52,11.8,46,Moderate,0.73,JG 11,Microbial Consortium,Supplemental Irrigation,Lateritic Soil,Semi-Arid Indo-Gangetic Zone
2019,IND013,Pusa,National Bureau of Agriculturally Important Microorganisms,Delhi,28.639,77.152,753.2,27.6,0.8,0.54,16.4,64,Moderate,1.97,ICCV 10,Climate-smart Agriculture,Rainfed,Loamy Soil,Semi-Arid Indo-Gangetic Zone
2020,IND013,Pusa,National Bureau of Agriculturally Important Microorganisms,Delhi,28.639,77.152,757,30.7,0.65,0.34,16.4,64,Moderate,1.76,Pusa 256,Precision Farming,Rainfed,Black Cotton Soil,Semi-Arid Indo-Gangetic Zone
2021,IND013,Pusa,National Bureau of Agriculturally Important Microorganisms,Delhi,28.639,77.152,810.8,30.8,0.83,0.47,15.6,60.8,Moderate,1.35,JG 14,Climate-smart Agriculture,Protective Irrigation,Lateritic Soil,Semi-Arid Indo-Gangetic Zone
2022,IND013,Pusa,National Bureau of Agriculturally Important Microorganisms,Delhi,28.639,77.152,860.6,28.2,0.83,0.3,11.2,43.7,Moderate,1.71,BG 372,Bio-control,Supplemental Irrigation,Loamy Soil,Semi-Arid Indo-Gangetic Zone
2023,IND013,Pusa,National Bureau of Agriculturally Important Microorganisms,Delhi,28.639,77.152,856.4,31,0.62,0.33,13.1,51.1,Moderate,2,HC 5,Microbial Consortium,Supplemental Irrigation,Loamy Soil,Semi-Arid Indo-Gangetic Zone
2024,IND013,Pusa,National Bureau of Agriculturally Important Microorganisms,Delhi,28.639,77.152,793.2,32.5,0.82,0.43,15.8,61.6,Moderate,1.85,JG 11,Climate-smart Agriculture,Drip-assisted,Vertisol,Semi-Arid Indo-Gangetic Zone
2025,IND013,Pusa,National Bureau of Agriculturally Important Microorganisms,Delhi,28.639,77.152,737,27.4,0.87,0.32,12,46.8,Moderate,1.99,Asha,AI Advisory,Protective Irrigation,Loamy Soil,Semi-Arid Indo-Gangetic Zone
2015,IND014,Pusa,National Centre for Integrated Pest Management,Delhi,28.638,77.155,813,27.5,0.68,0.19,14,54.6,Moderate,0.72,ICCV 10,Precision Farming,Rainfed,Alluvial Soil,Semi-Arid Indo-Gangetic Zone
2016,IND014,Pusa,National Centre for Integrated Pest Management,Delhi,28.638,77.155,838.8,33.2,0.38,0.43,8.4,32.8,Moderate,2.2,Pusa 256,Bio-control,Protective Irrigation,Red Sandy Loam,Semi-Arid Indo-Gangetic Zone
2017,IND014,Pusa,National Centre for Integrated Pest Management,Delhi,28.638,77.155,688.6,32.9,0.51,0.25,9.2,35.9,Moderate,1.08,Vijay,Bio-control,Protective Irrigation,Lateritic Soil,Semi-Arid Indo-Gangetic Zone
2018,IND014,Pusa,National Centre for Integrated Pest Management,Delhi,28.638,77.155,767.4,27.2,0.76,0.45,12,46.8,Moderate,1.87,Pusa 372,Microbial Consortium,Drip-assisted,Lateritic Soil,Semi-Arid Indo-Gangetic Zone
2019,IND014,Pusa,National Centre for Integrated Pest Management,Delhi,28.638,77.155,758.2,26.2,0.61,0.53,10.5,40.9,Moderate,1.97,Pusa 256,Bio-control,Supplemental Irrigation,Black Cotton Soil,Semi-Arid Indo-Gangetic Zone
2020,IND014,Pusa,National Centre for Integrated Pest Management,Delhi,28.638,77.155,708,26.2,0.34,0.25,13.9,54.2,Moderate,0.59,Vijay,Microbial Consortium,Supplemental Irrigation,Loamy Soil,Semi-Arid Indo-Gangetic Zone
2021,IND014,Pusa,National Centre for Integrated Pest Management,Delhi,28.638,77.155,810.8,24.1,0.65,0.44,10,39,Moderate,1.94,Asha,Bio-control,Protective Irrigation,Vertisol,Semi-Arid Indo-Gangetic Zone
2022,IND014,Pusa,National Centre for Integrated Pest Management,Delhi,28.638,77.155,826.6,28.1,0.82,0.21,14.5,56.5,Moderate,0.85,Vijay,Bio-control,Drip-assisted,Alluvial Soil,Semi-Arid Indo-Gangetic Zone
2023,IND014,Pusa,National Centre for Integrated Pest Management,Delhi,28.638,77.155,747.4,31.5,0.43,0.36,13.5,52.6,Moderate,2.17,Asha,Climate-smart Agriculture,Supplemental Irrigation,Black Cotton Soil,Semi-Arid Indo-Gangetic Zone
2024,IND014,Pusa,National Centre for Integrated Pest Management,Delhi,28.638,77.155,690.2,26.6,0.43,0.52,11.8,46,Moderate,0.59,Vijay,Integrated Disease Management,Drip-assisted,Black Cotton Soil,Semi-Arid Indo-Gangetic Zone
2025,IND014,Pusa,National Centre for Integrated Pest Management,Delhi,28.638,77.155,725,28.3,0.6,0.47,10.3,40.2,Moderate,2.35,HC 5,Integrated Disease Management,Drip-assisted,Loamy Soil,Semi-Arid Indo-Gangetic Zone
2015,IND015,Pusa,National Research Centre on Plant Biotechnology IARI,Delhi,28.6392,77.1525,768,26.1,0.27,0.22,15.2,59.3,Moderate,1.91,Pusa 372,Integrated Disease Management,Supplemental Irrigation,Vertisol,Semi-Arid Indo-Gangetic Zone
2016,IND015,Pusa,National Research Centre on Plant Biotechnology IARI,Delhi,28.6392,77.1525,819.8,25.3,0.56,0.35,11.3,44.1,Moderate,2.31,Pusa 372,Precision Farming,Rainfed,Red Sandy Loam,Semi-Arid Indo-Gangetic Zone
2017,IND015,Pusa,National Research Centre on Plant Biotechnology IARI,Delhi,28.6392,77.1525,749.6,26.4,0.29,0.27,14.9,58.1,Moderate,1.73,KAK 2,Precision Farming,Drip-assisted,Loamy Soil,Semi-Arid Indo-Gangetic Zone
2018,IND015,Pusa,National Research Centre on Plant Biotechnology IARI,Delhi,28.6392,77.1525,746.4,24.9,0.7,0.18,9.1,35.5,Moderate,0.63,Pusa 256,Precision Farming,Rainfed,Black Cotton Soil,Semi-Arid Indo-Gangetic Zone
2019,IND015,Pusa,National Research Centre on Plant Biotechnology IARI,Delhi,28.6392,77.1525,723.2,33.2,0.32,0.42,10.1,39.4,Moderate,1.92,HC 5,Microbial Consortium,Protective Irrigation,Loamy Soil,Semi-Arid Indo-Gangetic Zone
2020,IND015,Pusa,National Research Centre on Plant Biotechnology IARI,Delhi,28.6392,77.1525,738,25.7,0.88,0.33,9.6,37.4,Moderate,2.31,Asha,Precision Farming,Supplemental Irrigation,Red Sandy Loam,Semi-Arid Indo-Gangetic Zone
2021,IND015,Pusa,National Research Centre on Plant Biotechnology IARI,Delhi,28.6392,77.1525,848.8,25.8,0.77,0.48,11.5,44.9,Moderate,1.55,KAK 2,Integrated Disease Management,Drip-assisted,Black Cotton Soil,Semi-Arid Indo-Gangetic Zone
2022,IND015,Pusa,National Research Centre on Plant Biotechnology IARI,Delhi,28.6392,77.1525,713.6,31.7,0.33,0.35,13.7,53.4,Moderate,2.2,HC 5,Bio-control,Drip-assisted,Red Sandy Loam,Semi-Arid Indo-Gangetic Zone
2023,IND015,Pusa,National Research Centre on Plant Biotechnology IARI,Delhi,28.6392,77.1525,681.4,30.5,0.74,0.23,9.8,38.2,Moderate,0.6,Pusa 256,AI Advisory,Supplemental Irrigation,Vertisol,Semi-Arid Indo-Gangetic Zone
2024,IND015,Pusa,National Research Centre on Plant Biotechnology IARI,Delhi,28.6392,77.1525,758.2,25.6,0.78,0.52,11,42.9,Moderate,1.93,Vijay,Precision Farming,Protective Irrigation,Lateritic Soil,Semi-Arid Indo-Gangetic Zone
2025,IND015,Pusa,National Research Centre on Plant Biotechnology IARI,Delhi,28.6392,77.1525,693,28.1,0.48,0.31,10.8,42.1,Moderate,2.34,BG 372,Microbial Consortium,Rainfed,Red Sandy Loam,Semi-Arid Indo-Gangetic Zone
2015,IND016,Amreli,College of Agriculture Junagadh Agricultural University,Gujarat,21.6032,71.2221,744,31.2,0.8,0.39,14.4,56.2,High,1.92,KAK 2,Integrated Disease Management,Drip-assisted,Loamy Soil,Saurashtra Agro-Climatic Zone
2016,IND016,Amreli,College of Agriculture Junagadh Agricultural University,Gujarat,21.6032,71.2221,796.8,26.7,0.42,0.24,15.7,61.2,High,1.77,KAK 2,AI Advisory,Supplemental Irrigation,Loamy Soil,Saurashtra Agro-Climatic Zone
2017,IND016,Amreli,College of Agriculture Junagadh Agricultural University,Gujarat,21.6032,71.2221,714.6,27.4,0.68,0.19,17.5,68.2,High,2.23,JG 14,Precision Farming,Protective Irrigation,Alluvial Soil,Saurashtra Agro-Climatic Zone
2018,IND016,Amreli,College of Agriculture Junagadh Agricultural University,Gujarat,21.6032,71.2221,763.4,30.4,0.38,0.27,14.5,56.5,High,1.9,KAK 2,Bio-control,Drip-assisted,Alluvial Soil,Saurashtra Agro-Climatic Zone
2019,IND016,Amreli,College of Agriculture Junagadh Agricultural University,Gujarat,21.6032,71.2221,728.2,29.2,0.6,0.34,19,74.1,High,1.18,JG 11,Bio-control,Drip-assisted,Red Sandy Loam,Saurashtra Agro-Climatic Zone
2020,IND016,Amreli,College of Agriculture Junagadh Agricultural University,Gujarat,21.6032,71.2221,804,32,0.52,0.29,13.7,53.4,High,2.13,Pusa 372,Microbial Consortium,Rainfed,Vertisol,Saurashtra Agro-Climatic Zone
2021,IND016,Amreli,College of Agriculture Junagadh Agricultural University,Gujarat,21.6032,71.2221,713.8,29.2,0.72,0.25,18.4,71.8,High,0.88,Vijay,Precision Farming,Drip-assisted,Loamy Soil,Saurashtra Agro-Climatic Zone
2022,IND016,Amreli,College of Agriculture Junagadh Agricultural University,Gujarat,21.6032,71.2221,815.6,25.4,0.74,0.24,15.6,60.8,High,0.83,ICCV 10,AI Advisory,Supplemental Irrigation,Vertisol,Saurashtra Agro-Climatic Zone
2023,IND016,Amreli,College of Agriculture Junagadh Agricultural University,Gujarat,21.6032,71.2221,839.4,30.7,0.71,0.33,17.2,67.1,High,1.15,Asha,Microbial Consortium,Rainfed,Red Sandy Loam,Saurashtra Agro-Climatic Zone
2024,IND016,Amreli,College of Agriculture Junagadh Agricultural University,Gujarat,21.6032,71.2221,820.2,31.2,0.81,0.33,16.8,65.5,High,0.75,BG 372,Climate-smart Agriculture,Drip-assisted,Lateritic Soil,Saurashtra Agro-Climatic Zone
2025,IND016,Amreli,College of Agriculture Junagadh Agricultural University,Gujarat,21.6032,71.2221,672,30.9,0.68,0.21,19,74.1,High,0.6,Pusa 256,Bio-control,Rainfed,Red Sandy Loam,Saurashtra Agro-Climatic Zone
2015,IND017,Anand,Anand Agricultural University,Gujarat,22.5645,72.9289,898,24.8,0.25,0.28,10.2,39.8,Moderate,0.99,HC 5,Precision Farming,Drip-assisted,Loamy Soil,Middle Gujarat Plains
2016,IND017,Anand,Anand Agricultural University,Gujarat,22.5645,72.9289,760.8,25.3,0.43,0.55,10.4,40.6,Moderate,0.67,BG 372,Integrated Disease Management,Drip-assisted,Black Cotton Soil,Middle Gujarat Plains
2017,IND017,Anand,Anand Agricultural University,Gujarat,22.5645,72.9289,810.6,29.8,0.76,0.53,16.1,62.8,Moderate,1.03,Asha,Precision Farming,Rainfed,Loamy Soil,Middle Gujarat Plains
2018,IND017,Anand,Anand Agricultural University,Gujarat,22.5645,72.9289,861.4,24.5,0.37,0.45,14,54.6,Moderate,0.9,Asha,Integrated Disease Management,Protective Irrigation,Loamy Soil,Middle Gujarat Plains
2019,IND017,Anand,Anand Agricultural University,Gujarat,22.5645,72.9289,857.2,30.8,0.42,0.41,11.6,45.2,Moderate,2.29,KAK 2,Precision Farming,Supplemental Irrigation,Red Sandy Loam,Middle Gujarat Plains
2020,IND017,Anand,Anand Agricultural University,Gujarat,22.5645,72.9289,801,31,0.86,0.21,14.6,56.9,Moderate,0.71,KAK 2,Bio-control,Rainfed,Loamy Soil,Middle Gujarat Plains
2021,IND017,Anand,Anand Agricultural University,Gujarat,22.5645,72.9289,858.8,27.2,0.54,0.54,14.3,55.8,Moderate,0.85,Pusa 256,Bio-control,Rainfed,Lateritic Soil,Middle Gujarat Plains
2022,IND017,Anand,Anand Agricultural University,Gujarat,22.5645,72.9289,722.6,30.1,0.38,0.37,16,62.4,Moderate,0.72,JG 11,Microbial Consortium,Protective Irrigation,Loamy Soil,Middle Gujarat Plains
2023,IND017,Anand,Anand Agricultural University,Gujarat,22.5645,72.9289,726.4,25,0.27,0.33,16.8,65.5,Moderate,0.71,Vijay,Microbial Consortium,Protective Irrigation,Loamy Soil,Middle Gujarat Plains
2024,IND017,Anand,Anand Agricultural University,Gujarat,22.5645,72.9289,879.2,25.1,0.34,0.49,16,62.4,Moderate,1.1,Pusa 372,Microbial Consortium,Protective Irrigation,Alluvial Soil,Middle Gujarat Plains
2025,IND017,Anand,Anand Agricultural University,Gujarat,22.5645,72.9289,879,24.9,0.35,0.43,14.4,56.2,Moderate,0.62,KAK 2,Bio-control,Protective Irrigation,Loamy Soil,Middle Gujarat Plains
2015,IND018,Junagadh,Junagadh Agricultural University,Gujarat,21.5222,70.4579,861,28.1,0.26,0.23,11.4,44.5,High,0.62,BG 372,AI Advisory,Protective Irrigation,Black Cotton Soil,Saurashtra Agro-Climatic Zone
2016,IND018,Junagadh,Junagadh Agricultural University,Gujarat,21.5222,70.4579,921.8,28.9,0.54,0.45,14,54.6,High,1.63,Asha,Climate-smart Agriculture,Supplemental Irrigation,Alluvial Soil,Saurashtra Agro-Climatic Zone
2017,IND018,Junagadh,Junagadh Agricultural University,Gujarat,21.5222,70.4579,832.6,24.8,0.26,0.36,15.3,59.7,High,1.96,ICCV 10,Integrated Disease Management,Rainfed,Red Sandy Loam,Saurashtra Agro-Climatic Zone
2018,IND018,Junagadh,Junagadh Agricultural University,Gujarat,21.5222,70.4579,833.4,29.1,0.51,0.49,18.1,70.6,High,1.43,JG 11,Precision Farming,Drip-assisted,Red Sandy Loam,Saurashtra Agro-Climatic Zone
2019,IND018,Junagadh,Junagadh Agricultural University,Gujarat,21.5222,70.4579,922.2,32.7,0.71,0.18,15.4,60.1,High,1.01,Asha,Precision Farming,Drip-assisted,Black Cotton Soil,Saurashtra Agro-Climatic Zone
2020,IND018,Junagadh,Junagadh Agricultural University,Gujarat,21.5222,70.4579,799,25.2,0.85,0.21,18.6,72.5,High,1.1,JG 11,Climate-smart Agriculture,Drip-assisted,Loamy Soil,Saurashtra Agro-Climatic Zone
2021,IND018,Junagadh,Junagadh Agricultural University,Gujarat,21.5222,70.4579,760,30.3,0.68,0.29,17.2,68,High,1.34,JG 11,Integrated Disease Management,Rainfed,Medium Black Soil,Saurashtra Zone
2022,IND018,Junagadh,Junagadh Agricultural University,Gujarat,21.5222,70.4579,826.6,31.6,0.72,0.23,15.3,59.7,High,2.07,BG 372,Climate-smart Agriculture,Protective Irrigation,Lateritic Soil,Saurashtra Agro-Climatic Zone
2023,IND018,Junagadh,Junagadh Agricultural University,Gujarat,21.5222,70.4579,823.4,32.4,0.85,0.29,14.9,58.1,High,2.16,Asha,Precision Farming,Supplemental Irrigation,Vertisol,Saurashtra Agro-Climatic Zone
2024,IND018,Junagadh,Junagadh Agricultural University,Gujarat,21.5222,70.4579,912.2,26.6,0.47,0.49,14.9,58.1,High,1.79,HC 5,AI Advisory,Protective Irrigation,Black Cotton Soil,Saurashtra Agro-Climatic Zone
2025,IND018,Junagadh,Junagadh Agricultural University,Gujarat,21.5222,70.4579,861,31.6,0.28,0.5,13.5,52.6,High,2.26,BG 372,Integrated Disease Management,Rainfed,Lateritic Soil,Saurashtra Agro-Climatic Zone
2015,IND019,Hisar,CCS Haryana Agricultural University,Haryana,29.1492,75.7217,473,25.4,0.75,0.25,20.6,80.3,Very High,1.26,HC 5,Integrated Disease Management,Supplemental Irrigation,Lateritic Soil,Western Dry Zone
2016,IND019,Hisar,CCS Haryana Agricultural University,Haryana,29.1492,75.7217,391.8,25.8,0.47,0.32,22,85.8,Very High,2.16,Vijay,AI Advisory,Supplemental Irrigation,Lateritic Soil,Western Dry Zone
2017,IND019,Hisar,CCS Haryana Agricultural University,Haryana,29.1492,75.7217,414.6,30.9,0.6,0.25,21.1,82.3,Very High,2.22,BG 372,Bio-control,Rainfed,Lateritic Soil,Western Dry Zone
2018,IND019,Hisar,CCS Haryana Agricultural University,Haryana,29.1492,75.7217,506.4,25.9,0.86,0.22,22.2,86.6,Very High,0.72,Vijay,Bio-control,Drip-assisted,Loamy Soil,Western Dry Zone
2019,IND019,Hisar,CCS Haryana Agricultural University,Haryana,29.1492,75.7217,506.2,30.3,0.5,0.29,25.6,99,Very High,0.87,Vijay,AI Advisory,Protective Irrigation,Red Sandy Loam,Western Dry Zone
2020,IND019,Hisar,CCS Haryana Agricultural University,Haryana,29.1492,75.7217,502,25.1,0.55,0.18,22.4,87.4,Very High,2.21,JG 14,Precision Farming,Protective Irrigation,Alluvial Soil,Western Dry Zone
2021,IND019,Hisar,CCS Haryana Agricultural University,Haryana,29.1492,75.7217,408.8,26.4,0.49,0.49,21.9,85.4,Very High,0.92,BG 372,Bio-control,Supplemental Irrigation,Black Cotton Soil,Western Dry Zone
2022,IND019,Hisar,CCS Haryana Agricultural University,Haryana,29.1492,75.7217,504.6,30.2,0.69,0.52,25.3,98.7,Very High,0.6,Asha,Microbial Consortium,Protective Irrigation,Loamy Soil,Western Dry Zone
2023,IND019,Hisar,CCS Haryana Agricultural University,Haryana,29.1492,75.7217,414.4,32.1,0.58,0.32,24.5,95.5,Very High,0.92,BG 372,Bio-control,Supplemental Irrigation,Alluvial Soil,Western Dry Zone
2024,IND019,Hisar,CCS Haryana Agricultural University,Haryana,29.1492,75.7217,400.2,31.7,0.58,0.4,24.3,94.8,Very High,2.22,ICCV 10,Integrated Disease Management,Supplemental Irrigation,Lateritic Soil,Western Dry Zone
2025,IND019,Hisar,CCS Haryana Agricultural University,Haryana,29.1492,75.7217,404,28.2,0.47,0.5,24.3,94.8,Very High,0.81,ICCV 10,Bio-control,Rainfed,Alluvial Soil,Western Dry Zone
2018,IND020,Navsari,N M College of Agriculture Navsari Agricultural University,Gujarat,20.9467,72.952,1420,28.8,0.4,0.46,10,40,Moderate,1.84,JG 14,Integrated Disease Management,Rainfed,Coastal Alluvial Soil,South Gujarat Heavy Rainfall Zone
2019,IND020,Navsari,N M College of Agriculture Navsari Agricultural University,Gujarat,20.9467,72.952,1390,29.2,0.44,0.44,11.5,46,Moderate,1.76,JG 11,Climate-smart Agriculture,Protective Irrigation,Clay Loam,South Gujarat Heavy Rainfall Zone
2020,IND020,Navsari,N M College of Agriculture Navsari Agricultural University,Gujarat,20.9467,72.952,1305,28.8,0.48,0.41,11.2,45,Moderate,1.66,Pusa 256,Bio-control,Rainfed,Coastal Alluvial Soil,South Gujarat Heavy Rainfall Zone
2021,IND020,Navsari,N M College of Agriculture Navsari Agricultural University,Gujarat,20.9467,72.952,1320,28.6,0.46,0.42,10.5,42,Moderate,1.7,JG 14,Integrated Disease Management,Rainfed,Coastal Alluvial Soil,South Gujarat Heavy Rainfall Zone
2022,IND020,Navsari,N M College of Agriculture Navsari Agricultural University,Gujarat,20.9467,72.952,1405,29,0.42,0.45,10.8,43,Moderate,1.8,Pusa 256,Bio-control,Rainfed,Coastal Alluvial Soil,South Gujarat Heavy Rainfall Zone
2023,IND020,Navsari,N M College of Agriculture Navsari Agricultural University,Gujarat,20.9467,72.952,1290,29,0.5,0.4,12,48,Moderate,1.62,JG 11,Climate-smart Agriculture,Protective Irrigation,Clay Loam,South Gujarat Heavy Rainfall Zone
2024,IND020,Navsari,N M College of Agriculture Navsari Agricultural University,Gujarat,20.9467,72.952,1275,29.2,0.52,0.39,12.8,51,Moderate,1.58,BG 372,Precision Farming,Supplemental Irrigation,Clay Loam,South Gujarat Heavy Rainfall Zone
2025,IND020,Navsari,N M College of Agriculture Navsari Agricultural University,Gujarat,20.9467,72.952,1375,29.4,0.46,0.43,12.2,49,Moderate,1.72,BG 372,Precision Farming,Supplemental Irrigation,Clay Loam,South Gujarat Heavy Rainfall Zone
2019,IND021,Gurgaon,Amity Institute of Biotechnology Amity University Haryana,Haryana,28.4595,77.0266,590,31.2,0.7,0.29,18.2,73,High,1.34,JG 14,Climate-smart Agriculture,Protective Irrigation,Clay Loam,Trans-Gangetic Plain
2020,IND021,Gurgaon,Amity Institute of Biotechnology Amity University Haryana,Haryana,28.4595,77.0266,605,31,0.68,0.3,17.5,70,High,1.38,Pusa 372,Bio-control,Supplemental Irrigation,Sandy Loam,Trans-Gangetic Plain
2020,IND021,Gurgaon,Amity Institute of Biotechnology Amity University Haryana,Haryana,28.4595,77.0266,575,31.4,0.72,0.28,19,76,High,1.3,BG 372,Precision Farming,Drip Irrigation,Clay Loam,Trans-Gangetic Plain
2021,IND021,Gurgaon,Amity Institute of Biotechnology Amity University Haryana,Haryana,28.4595,77.0266,620,30.1,0.66,0.3,17.5,68,High,1.3,JG 11,Integrated Disease Management,Supplemental Irrigation,Sandy Loam,Trans-Gangetic Plain
2022,IND021,Gurgaon,Amity Institute of Biotechnology Amity University Haryana,Haryana,28.4595,77.0266,605,30.3,0.68,0.29,18.2,71,High,1.26,Pusa 372,Bio-control,Supplemental Irrigation,Sandy Loam,Trans-Gangetic Plain
2023,IND021,Gurgaon,Amity Institute of Biotechnology Amity University Haryana,Haryana,28.4595,77.0266,590,30.5,0.7,0.28,19,74,High,1.22,JG 14,Climate-smart Agriculture,Protective Irrigation,Loamy Sand,Trans-Gangetic Plain
2024,IND021,Gurgaon,Amity Institute of Biotechnology Amity University Haryana,Haryana,28.4595,77.0266,575,30.7,0.72,0.27,19.8,77,High,1.18,BG 372,Precision Farming,Drip Irrigation,Loamy Sand,Trans-Gangetic Plain
2025,IND021,Gurgaon,Amity Institute of Biotechnology Amity University Haryana,Haryana,28.4595,77.0266,620,30.8,0.66,0.31,16.8,67,High,1.42,JG 11,Integrated Disease Management,Supplemental Irrigation,Sandy Loam,Trans-Gangetic Plain
2018,IND023,Kurukshetra,Kurukshetra University,Haryana,29.9695,76.8783,760,29.4,0.54,0.38,13.8,55,High,1.6,JG 11,Integrated Disease Management,Rainfed,Alluvial Soil,Eastern Haryana Zone
2019,IND023,Kurukshetra,Kurukshetra University,Haryana,29.9695,76.8783,745,29.6,0.56,0.37,14.5,58,High,1.56,Pusa 372,Bio-control,Rainfed,Alluvial Soil,Eastern Haryana Zone
2020,IND023,Kurukshetra,Kurukshetra University,Haryana,29.9695,76.8783,730,29.8,0.58,0.36,15.2,61,High,1.52,JG 14,Climate-smart Agriculture,Protective Irrigation,Silty Clay,Eastern Haryana Zone
2021,IND023,Kurukshetra,Kurukshetra University,Haryana,29.9695,76.8783,690,29.4,0.58,0.34,14.8,58,High,1.48,JG 11,Integrated Disease Management,Supplemental Irrigation,Alluvial Soil,Eastern Haryana Plain
2022,IND023,Kurukshetra,Kurukshetra University,Haryana,29.9695,76.8783,675,29.6,0.6,0.33,15.5,61,High,1.44,Pusa 372,Bio-control,Supplemental Irrigation,Alluvial Soil,Eastern Haryana Plain
2023,IND023,Kurukshetra,Kurukshetra University,Haryana,29.9695,76.8783,660,29.8,0.62,0.32,16.2,64,High,1.4,JG 14,Climate-smart Agriculture,Protective Irrigation,Clay Loam,Eastern Haryana Plain
2024,IND023,Kurukshetra,Kurukshetra University,Haryana,29.9695,76.8783,645,30,0.64,0.31,17,67,High,1.36,BG 372,Precision Farming,Drip Irrigation,Clay Loam,Eastern Haryana Plain
2025,IND023,Kurukshetra,Kurukshetra University,Haryana,29.9695,76.8783,715,30,0.6,0.35,16,64,High,1.48,BG 372,Precision Farming,Supplemental Irrigation,Silty Clay,Eastern Haryana Zone
2015,IND024,Palampur,CSK Himachal Pradesh Agricultural University,Himachal Pradesh,32.1107,76.5364,2444,32.9,0.63,0.22,1.3,8,Low,0.84,Asha,Integrated Disease Management,Drip-assisted,Lateritic Soil,Humid Mid-Hill Zone
2016,IND024,Palampur,CSK Himachal Pradesh Agricultural University,Himachal Pradesh,32.1107,76.5364,2411.8,31.4,0.69,0.44,1,8,Low,1.25,BG 372,Bio-control,Rainfed,Alluvial Soil,Humid Mid-Hill Zone
2017,IND024,Palampur,CSK Himachal Pradesh Agricultural University,Himachal Pradesh,32.1107,76.5364,2412.6,32.6,0.36,0.3,3.1,12.1,Low,2.12,Asha,Bio-control,Protective Irrigation,Loamy Soil,Humid Mid-Hill Zone
2018,IND024,Palampur,CSK Himachal Pradesh Agricultural University,Himachal Pradesh,32.1107,76.5364,2414.4,31.3,0.27,0.52,1,8,Low,2.32,JG 11,Integrated Disease Management,Supplemental Irrigation,Lateritic Soil,Humid Mid-Hill Zone
2019,IND024,Palampur,CSK Himachal Pradesh Agricultural University,Himachal Pradesh,32.1107,76.5364,2433.2,25.9,0.35,0.54,3.6,14,Low,2.09,HC 5,Precision Farming,Drip-assisted,Black Cotton Soil,Humid Mid-Hill Zone
2020,IND024,Palampur,CSK Himachal Pradesh Agricultural University,Himachal Pradesh,32.1107,76.5364,2505,26,0.5,0.37,3.6,14,Low,0.88,Pusa 256,Bio-control,Rainfed,Red Sandy Loam,Humid Mid-Hill Zone
2021,IND024,Palampur,CSK Himachal Pradesh Agricultural University,Himachal Pradesh,32.1107,76.5364,2581.8,30.5,0.36,0.53,3.5,13.7,Low,1.83,ICCV 10,AI Advisory,Protective Irrigation,Black Cotton Soil,Humid Mid-Hill Zone
2021,IND024,Palampur,CSK Himachal Pradesh Agricultural University,Himachal Pradesh,32.1107,76.536,1460,22.8,0.32,0.58,5.5,22,Low,2.1,JG 14,Integrated Disease Management,Rainfed,Silty Clay Loam,Mid Hill Wet Temperate Zone
2022,IND024,Palampur,CSK Himachal Pradesh Agricultural University,Himachal Pradesh,32.1107,76.536,1445,23,0.34,0.57,6,24,Low,2.06,Pusa 256,Bio-control,Rainfed,Silty Clay Loam,Mid Hill Wet Temperate Zone
2023,IND024,Palampur,CSK Himachal Pradesh Agricultural University,Himachal Pradesh,32.1107,76.536,1430,23.2,0.36,0.56,6.5,26,Low,2.02,JG 11,Climate-smart Agriculture,Protective Irrigation,Mountain Loam,Mid Hill Wet Temperate Zone
2024,IND024,Palampur,CSK Himachal Pradesh Agricultural University,Himachal Pradesh,32.1107,76.536,1415,23.4,0.38,0.55,7,28,Low,1.98,BG 372,Precision Farming,Supplemental Irrigation,Mountain Loam,Mid Hill Wet Temperate Zone
2025,IND024,Palampur,CSK Himachal Pradesh Agricultural University,Himachal Pradesh,32.1107,76.5364,2475,28.8,0.44,0.45,6.5,25.3,Low,0.98,Pusa 256,Climate-smart Agriculture,Rainfed,Alluvial Soil,Humid Mid-Hill Zone
2018,IND025,Shimla,ICAR NBPGR Regional Station,Himachal Pradesh,31.1048,77.1734,1620,20.8,0.22,0.68,4.2,17,Low,2.16,JG 14,Climate-smart Agriculture,Protective Irrigation,Silty Clay,North Western Himalayan Zone
2019,IND025,Shimla,ICAR NBPGR Regional Station,Himachal Pradesh,31.1048,77.1734,1635,20.6,0.2,0.69,3.8,15,Low,2.2,Pusa 372,Bio-control,Rainfed,Mountain Soil,North Western Himalayan Zone
2020,IND025,Shimla,ICAR NBPGR Regional Station,Himachal Pradesh,31.1048,77.1734,1650,20.4,0.18,0.7,3.2,13,Low,2.24,JG 11,Integrated Disease Management,Rainfed,Mountain Soil,North Western Himalayan Zone
2021,IND025,Shimla,ICAR NBPGR Regional Station,Himachal Pradesh,31.1048,77.1734,1280,21.5,0.3,0.6,4.8,20,Low,2.18,JG 11,Integrated Disease Management,Rainfed,Mountain Soil,Western Himalayan Region
2022,IND025,Shimla,ICAR NBPGR Regional Station,Himachal Pradesh,31.1048,77.1734,1265,21.7,0.32,0.59,5.2,22,Low,2.14,Pusa 372,Bio-control,Rainfed,Mountain Soil,Western Himalayan Region
2023,IND025,Shimla,ICAR NBPGR Regional Station,Himachal Pradesh,31.1048,77.1734,1250,21.9,0.34,0.58,5.8,24,Low,2.1,JG 14,Climate-smart Agriculture,Protective Irrigation,Mountain Loam,Western Himalayan Region
2024,IND025,Shimla,ICAR NBPGR Regional Station,Himachal Pradesh,31.1048,77.1734,1235,22.1,0.36,0.57,6.2,26,Low,2.06,BG 372,Precision Farming,Supplemental Irrigation,Mountain Loam,Western Himalayan Region
2025,IND025,Shimla,ICAR NBPGR Regional Station,Himachal Pradesh,31.1048,77.1734,1605,21,0.24,0.67,4.8,19,Low,2.12,BG 372,Precision Farming,Supplemental Irrigation,Silty Clay,North Western Himalayan Zone
2018,IND026,Solan,Dr. YS Parmar University of Horticulture and Forestry,Himachal Pradesh,30.9045,77.0967,1375,24.2,0.34,0.55,8,32,Low,1.88,BG 372,Precision Farming,Supplemental Irrigation,Silty Clay,Mid Hill Zone
2019,IND026,Solan,Dr. YS Parmar University of Horticulture and Forestry,Himachal Pradesh,30.9045,77.0967,1135,24,0.42,0.51,8.2,34,Low,1.82,BG 372,Precision Farming,Supplemental Irrigation,Silty Loam,Sub-Montane Zone
2020,IND026,Solan,Dr. YS Parmar University of Horticulture and Forestry,Himachal Pradesh,30.9045,77.0967,1180,23.4,0.36,0.54,6.8,28,Low,1.94,JG 14,Integrated Disease Management,Rainfed,Mountain Loam,Sub-Montane Zone
2021,IND026,Solan,Dr. YS Parmar University of Horticulture and Forestry,Himachal Pradesh,30.9045,77.0967,1420,23.6,0.28,0.58,6.2,25,Low,2,JG 14,Integrated Disease Management,Rainfed,Loamy Soil,Mid Hill Zone
2022,IND026,Solan,Dr. YS Parmar University of Horticulture and Forestry,Himachal Pradesh,30.9045,77.0967,1165,23.6,0.38,0.53,7.2,30,Low,1.9,Pusa 256,Bio-control,Rainfed,Mountain Loam,Sub-Montane Zone
2023,IND026,Solan,Dr. YS Parmar University of Horticulture and Forestry,Himachal Pradesh,30.9045,77.0967,1405,23.8,0.3,0.57,6.8,27,Low,1.96,Pusa 256,Bio-control,Rainfed,Loamy Soil,Mid Hill Zone
2024,IND026,Solan,Dr. YS Parmar University of Horticulture and Forestry,Himachal Pradesh,30.9045,77.0967,1150,23.8,0.4,0.52,7.8,32,Low,1.86,JG 11,Climate-smart Agriculture,Protective Irrigation,Silty Loam,Sub-Montane Zone
2025,IND026,Solan,Dr. YS Parmar University of Horticulture and Forestry,Himachal Pradesh,30.9045,77.0967,1390,24,0.32,0.56,7.5,30,Low,1.92,JG 11,Climate-smart Agriculture,Protective Irrigation,Silty Clay,Mid Hill Zone
2015,IND027,Jammu,Dryland Research Substation Jammu,Jammu and Kashmir,32.7266,74.857,1043,30.7,0.74,0.47,8,31.2,Low,0.77,JG 14,Bio-control,Protective Irrigation,Vertisol,Subtropical Foothills
2016,IND027,Jammu,Dryland Research Substation Jammu,Jammu and Kashmir,32.7266,74.857,1179.8,25.6,0.79,0.31,2.4,9.4,Low,1.53,HC 5,Bio-control,Rainfed,Alluvial Soil,Subtropical Foothills
2017,IND027,Jammu,Dryland Research Substation Jammu,Jammu and Kashmir,32.7266,74.857,1127.6,24.3,0.39,0.35,8,31.2,Low,2.12,Pusa 372,Microbial Consortium,Drip-assisted,Vertisol,Subtropical Foothills
2018,IND027,Jammu,Dryland Research Substation Jammu,Jammu and Kashmir,32.7266,74.857,1040.4,26.3,0.76,0.43,3.6,14,Low,0.94,JG 14,AI Advisory,Rainfed,Red Sandy Loam,Subtropical Foothills
2019,IND027,Jammu,Dryland Research Substation Jammu,Jammu and Kashmir,32.7266,74.857,1037.2,28,0.46,0.24,5.2,20.3,Low,2.37,ICCV 10,Microbial Consortium,Drip-assisted,Vertisol,Subtropical Foothills
2020,IND027,Jammu,Dryland Research Substation Jammu,Jammu and Kashmir,32.7266,74.857,1086,25.7,0.53,0.18,5.8,22.6,Low,0.6,KAK 2,Climate-smart Agriculture,Supplemental Irrigation,Vertisol,Subtropical Foothills
2021,IND027,Jammu,Dryland Research Substation Jammu,Jammu and Kashmir,32.7266,74.857,1176.8,27.4,0.27,0.21,7.7,30,Low,1.75,Asha,Climate-smart Agriculture,Drip-assisted,Alluvial Soil,Subtropical Foothills
2022,IND027,Jammu,Dryland Research Substation Jammu,Jammu and Kashmir,32.7266,74.857,1120,24.8,0.44,0.46,9.5,38,Moderate,1.78,JG 11,Integrated Disease Management,Rainfed,Alluvial Soil,Subtropical Jammu Zone
2023,IND027,Jammu,Dryland Research Substation Jammu,Jammu and Kashmir,32.7266,74.857,1120,27.8,0.42,0.46,10,40,Moderate,1.84,JG 11,Integrated Disease Management,Rainfed,Alluvial Soil,Sub Tropical Plain Zone
2024,IND027,Jammu,Dryland Research Substation Jammu,Jammu and Kashmir,32.7266,74.857,1189.6,31.8,0.5,0.54,4.5,17.6,Low,1.96,Vijay,Microbial Consortium,Protective Irrigation,Black Cotton Soil,Subtropical Foothills
2025,IND027,Jammu,Dryland Research Substation Jammu,Jammu and Kashmir,32.7266,74.857,1105,25,0.46,0.45,10,40,Moderate,1.74,Pusa 372,Bio-control,Rainfed,Alluvial Soil,Subtropical Jammu Zone
2015,IND028,Rajouri,RARS and KVK SKUAST Jammu,Jammu and Kashmir,33.3753,74.315,954,26.3,0.71,0.39,6.2,24.2,Low,1.56,ICCV 10,Precision Farming,Protective Irrigation,Red Sandy Loam,Sub-Humid Foothills
2016,IND028,Rajouri,RARS and KVK SKUAST Jammu,Jammu and Kashmir,33.3753,74.315,970.8,31.5,0.57,0.24,7.7,30,Low,1.88,Pusa 256,Microbial Consortium,Protective Irrigation,Black Cotton Soil,Sub-Humid Foothills
2017,IND028,Rajouri,RARS and KVK SKUAST Jammu,Jammu and Kashmir,33.3753,74.315,1029.6,30,0.32,0.5,6.6,25.7,Low,1.35,Vijay,AI Advisory,Rainfed,Vertisol,Sub-Humid Foothills
2018,IND028,Rajouri,RARS and KVK SKUAST Jammu,Jammu and Kashmir,33.3753,74.315,1009.4,25.7,0.59,0.32,6.2,24.2,Low,1.02,Asha,Precision Farming,Drip-assisted,Red Sandy Loam,Sub-Humid Foothills
2019,IND028,Rajouri,RARS and KVK SKUAST Jammu,Jammu and Kashmir,33.3753,74.315,892.2,31.4,0.45,0.25,4.2,16.4,Low,2.35,JG 14,Climate-smart Agriculture,Protective Irrigation,Red Sandy Loam,Sub-Humid Foothills
2020,IND028,Rajouri,RARS and KVK SKUAST Jammu,Jammu and Kashmir,33.3753,74.315,1045,24.5,0.45,0.39,4.6,17.9,Low,2.01,JG 11,Microbial Consortium,Protective Irrigation,Alluvial Soil,Sub-Humid Foothills
2021,IND028,Rajouri,RARS and KVK SKUAST Jammu,Jammu and Kashmir,33.3753,74.315,912.8,24.3,0.87,0.22,5,19.5,Low,1.26,Asha,Climate-smart Agriculture,Drip-assisted,Black Cotton Soil,Sub-Humid Foothills
2022,IND028,Rajouri,RARS and KVK SKUAST Jammu,Jammu and Kashmir,33.3753,74.3152,980,23.8,0.4,0.5,8.2,34,Low,1.88,JG 14,Integrated Disease Management,Rainfed,Silty Loam,North Western Himalayan Zone
2023,IND028,Rajouri,RARS and KVK SKUAST Jammu,Jammu and Kashmir,33.3753,74.3154,980,26.8,0.36,0.52,8.5,34,Low,1.94,JG 14,Integrated Disease Management,Rainfed,Hill Loam,North Western Himalayan Zone
2024,IND028,Rajouri,RARS and KVK SKUAST Jammu,Jammu and Kashmir,33.3753,74.315,944.6,29.4,0.31,0.43,10,39,Low,2.28,Pusa 372,AI Advisory,Rainfed,Black Cotton Soil,Sub-Humid Foothills
2025,IND028,Rajouri,RARS and KVK SKUAST Jammu,Jammu and Kashmir,33.3753,74.3152,965,24,0.42,0.49,8.8,36,Moderate,1.84,Pusa 256,Bio-control,Rainfed,Silty Loam,North Western Himalayan Zone
2015,IND029,Srinagar,Sher-e-Kashmir University of Agricultural Sciences,Jammu and Kashmir,34.0837,74.7973,680,25.4,0.82,0.54,5.2,20.3,Moderate,2.02,Pusa 256,Bio-control,Supplemental Irrigation,Alluvial Soil,Temperate Himalayan Zone
2016,IND029,Srinagar,Sher-e-Kashmir University of Agricultural Sciences,Jammu and Kashmir,34.0837,74.7973,641.8,24.7,0.55,0.46,6.8,26.5,Moderate,2.08,ICCV 10,Microbial Consortium,Rainfed,Red Sandy Loam,Temperate Himalayan Zone
2017,IND029,Srinagar,Sher-e-Kashmir University of Agricultural Sciences,Jammu and Kashmir,34.0837,74.7973,667.6,26.7,0.53,0.35,4.2,16.4,Moderate,1.09,HC 5,AI Advisory,Drip-assisted,Alluvial Soil,Temperate Himalayan Zone
2018,IND029,Srinagar,Sher-e-Kashmir University of Agricultural Sciences,Jammu and Kashmir,34.0837,74.7973,649.4,31.9,0.46,0.46,4.8,18.7,Moderate,0.7,HC 5,Integrated Disease Management,Protective Irrigation,Vertisol,Temperate Himalayan Zone
2019,IND029,Srinagar,Sher-e-Kashmir University of Agricultural Sciences,Jammu and Kashmir,34.0837,74.7973,735.2,27.3,0.76,0.55,6.6,25.7,Moderate,1.95,Vijay,Climate-smart Agriculture,Drip-assisted,Alluvial Soil,Temperate Himalayan Zone
2020,IND029,Srinagar,Sher-e-Kashmir University of Agricultural Sciences,Jammu and Kashmir,34.0837,74.7973,680,24.4,0.54,0.23,5.7,22.2,Moderate,0.93,Asha,Climate-smart Agriculture,Protective Irrigation,Black Cotton Soil,Temperate Himalayan Zone
2021,IND029,Srinagar,Sher-e-Kashmir University of Agricultural Sciences,Jammu and Kashmir,34.0837,74.7973,745.8,27.9,0.27,0.43,4.6,17.9,Moderate,1.01,Asha,Microbial Consortium,Drip-assisted,Black Cotton Soil,Temperate Himalayan Zone
2022,IND029,Srinagar,Sher-e-Kashmir University of Agricultural Sciences,Jammu and Kashmir,34.0837,74.7973,720,19.8,0.26,0.64,3.8,16,Low,2.26,JG 11,Integrated Disease Management,Rainfed,Mountain Soil,Temperate Kashmir Valley
2023,IND029,Srinagar,Sher-e-Kashmir University of Agricultural Sciences,Jammu and Kashmir,34.0837,74.7973,720,18.6,0.14,0.74,2.5,10,Low,2.3,JG 11,Integrated Disease Management,Rainfed,Karewa Soil,Temperate Kashmir Valley
2024,IND029,Srinagar,Sher-e-Kashmir University of Agricultural Sciences,Jammu and Kashmir,34.0837,74.7973,667.6,31.4,0.49,0.38,7.7,30,Moderate,1.86,Pusa 372,Precision Farming,Rainfed,Black Cotton Soil,Temperate Himalayan Zone
2025,IND029,Srinagar,Sher-e-Kashmir University of Agricultural Sciences,Jammu and Kashmir,34.0837,74.7973,705,20,0.28,0.63,4.2,18,Low,2.22,Pusa 372,Bio-control,Rainfed,Mountain Soil,Temperate Kashmir Valley
2015,IND030,Ranchi,Birsa Agricultural University,Jharkhand,23.3441,85.3096,1395,27.3,0.71,0.28,6.9,26.9,Low,0.61,Pusa 372,Integrated Disease Management,Supplemental Irrigation,Loamy Soil,Chotanagpur Plateau
2016,IND030,Ranchi,Birsa Agricultural University,Jharkhand,23.3441,85.3096,1341.8,27.8,0.61,0.29,7,27.3,Low,2.15,KAK 2,Microbial Consortium,Supplemental Irrigation,Red Sandy Loam,Chotanagpur Plateau
2017,IND030,Ranchi,Birsa Agricultural University,Jharkhand,23.3441,85.3096,1323.6,26.1,0.35,0.42,7,27.3,Low,1.09,KAK 2,Precision Farming,Protective Irrigation,Black Cotton Soil,Chotanagpur Plateau
2018,IND030,Ranchi,Birsa Agricultural University,Jharkhand,23.3441,85.3096,1394.4,25.8,0.71,0.32,7.2,28.1,Low,0.64,ICCV 10,Precision Farming,Drip-assisted,Black Cotton Soil,Chotanagpur Plateau
2019,IND030,Ranchi,Birsa Agricultural University,Jharkhand,23.3441,85.3096,1408.2,28.8,0.28,0.32,4.9,19.1,Low,1.66,ICCV 10,Bio-control,Supplemental Irrigation,Loamy Soil,Chotanagpur Plateau
2020,IND030,Ranchi,Birsa Agricultural University,Jharkhand,23.3441,85.3096,1338,32,0.55,0.48,3.7,14.4,Low,2.24,Pusa 372,AI Advisory,Supplemental Irrigation,Red Sandy Loam,Chotanagpur Plateau
2021,IND030,Ranchi,Birsa Agricultural University,Jharkhand,23.3441,85.3096,1323.8,31,0.52,0.26,4.7,18.3,Low,1.41,Pusa 372,Microbial Consortium,Rainfed,Alluvial Soil,Chotanagpur Plateau
2022,IND030,Ranchi,Birsa Agricultural University,Jharkhand,23.3441,85.3096,1320,27.8,0.48,0.42,11.2,44,Moderate,1.7,JG 14,Integrated Disease Management,Rainfed,Red Loam,Eastern Plateau Zone
2023,IND030,Ranchi,Birsa Agricultural University,Jharkhand,23.3441,85.3096,1320,27.8,0.44,0.45,10.8,43,Moderate,1.82,JG 14,Integrated Disease Management,Rainfed,Red Loam,Eastern Plateau and Hills
2024,IND030,Ranchi,Birsa Agricultural University,Jharkhand,23.3441,85.3096,1346.6,30.4,0.47,0.28,5.9,23,Low,0.92,JG 11,Bio-control,Rainfed,Vertisol,Chotanagpur Plateau
2025,IND030,Ranchi,Birsa Agricultural University,Jharkhand,23.3441,85.3096,1305,28,0.5,0.41,12,47,Moderate,1.66,Pusa 256,Bio-control,Rainfed,Red Loam,Eastern Plateau Zone
2015,IND031,Ballari,Dryland Agriculture Research Farm,Karnataka,15.1394,76.9214,564,26.7,0.81,0.28,24.2,94.4,Very High,1.61,JG 14,Integrated Disease Management,Drip-assisted,Vertisol,Central Dry Zone
2016,IND031,Ballari,Dryland Agriculture Research Farm,Karnataka,15.1394,76.9214,553.8,24.9,0.31,0.5,26.4,99,Very High,1.35,Asha,AI Advisory,Protective Irrigation,Black Cotton Soil,Central Dry Zone
2017,IND031,Ballari,Dryland Agriculture Research Farm,Karnataka,15.1394,76.9214,528.6,32.6,0.34,0.48,23.6,92,Very High,2.33,ICCV 10,AI Advisory,Supplemental Irrigation,Red Sandy Loam,Central Dry Zone
2018,IND031,Ballari,Dryland Agriculture Research Farm,Karnataka,15.1394,76.9214,514.4,30.5,0.84,0.52,28,99,Very High,1.3,HC 5,Integrated Disease Management,Drip-assisted,Alluvial Soil,Central Dry Zone
2019,IND031,Ballari,Dryland Agriculture Research Farm,Karnataka,15.1394,76.9214,638.2,32.7,0.66,0.26,29.7,99,Very High,1.83,Asha,Integrated Disease Management,Supplemental Irrigation,Alluvial Soil,Central Dry Zone
2020,IND031,Ballari,Dryland Agriculture Research Farm,Karnataka,15.1394,76.9214,542,32.1,0.51,0.24,27.6,99,Very High,0.95,Pusa 372,Bio-control,Drip-assisted,Alluvial Soil,Central Dry Zone
2021,IND031,Ballari,Dryland Agriculture Research Farm,Karnataka,15.1394,76.9214,503.8,31.6,0.77,0.42,28.4,99,Very High,1.96,JG 14,Bio-control,Drip-assisted,Red Sandy Loam,Central Dry Zone
2022,IND031,Ballari,Dryland Agriculture Research Farm,Karnataka,15.1394,76.9214,610,31.5,0.82,0.21,24.5,92,Very High,0.96,JG 11,Integrated Disease Management,Rainfed,Red Sandy Soil,Northern Dry Zone
2023,IND031,Ballari,Dryland Agriculture Research Farm,Karnataka,15.1394,76.9214,620,31.8,0.76,0.24,21.5,86,Very High,1.1,JG 11,Integrated Disease Management,Rainfed,Black Cotton Soil,Northern Dry Zone
2024,IND031,Ballari,Dryland Agriculture Research Farm,Karnataka,15.1394,76.9214,494.6,27.3,0.38,0.22,25.8,99,Very High,1.2,BG 372,Bio-control,Drip-assisted,Alluvial Soil,Central Dry Zone
2025,IND031,Ballari,Dryland Agriculture Research Farm,Karnataka,15.1394,76.9214,595,31.7,0.84,0.2,25.2,95,Very High,0.92,Pusa 372,Bio-control,Rainfed,Red Sandy Soil,Northern Dry Zone
2015,IND032,Bangalore,University of Agricultural Sciences GKVK,Karnataka,13.0827,77.579,1018,25.3,0.48,0.52,6.2,24.2,Moderate,1.96,Pusa 256,Bio-control,Protective Irrigation,Alluvial Soil,Eastern Dry Zone
2016,IND032,Bangalore,University of Agricultural Sciences GKVK,Karnataka,13.0827,77.579,953.8,31.5,0.54,0.21,6.7,26.1,Moderate,2.39,Vijay,Precision Farming,Rainfed,Red Sandy Loam,Eastern Dry Zone
2017,IND032,Bangalore,University of Agricultural Sciences GKVK,Karnataka,13.0827,77.579,888.6,29.6,0.69,0.32,12.3,48,Moderate,1.28,ICCV 10,AI Advisory,Protective Irrigation,Vertisol,Eastern Dry Zone
2018,IND032,Bangalore,University of Agricultural Sciences GKVK,Karnataka,13.0827,77.579,927.4,27.5,0.63,0.5,12.5,48.8,Moderate,2.08,Pusa 256,AI Advisory,Drip-assisted,Lateritic Soil,Eastern Dry Zone
2019,IND032,Bangalore,University of Agricultural Sciences GKVK,Karnataka,13.0827,77.579,894.2,30.3,0.59,0.29,7.3,28.5,Moderate,1.9,BG 372,Climate-smart Agriculture,Protective Irrigation,Red Sandy Loam,Eastern Dry Zone
2020,IND032,Bangalore,University of Agricultural Sciences GKVK,Karnataka,13.0827,77.579,932,24.4,0.78,0.25,13.6,53,Moderate,1.39,KAK 2,Bio-control,Supplemental Irrigation,Vertisol,Eastern Dry Zone
2021,IND032,Bangalore,University of Agricultural Sciences GKVK,Karnataka,13.0827,77.579,934.8,32.3,0.75,0.47,7.7,30,Moderate,1.19,KAK 2,AI Advisory,Supplemental Irrigation,Vertisol,Eastern Dry Zone
2022,IND032,Bangalore,University of Agricultural Sciences GKVK,Karnataka,13.0827,77.5877,920,27.8,0.52,0.4,12,48,Moderate,1.66,JG 14,Integrated Disease Management,Rainfed,Red Loam,Eastern Dry Zone
2023,IND032,Bangalore,University of Agricultural Sciences GKVK,Karnataka,13.0827,77.5877,920,28.6,0.5,0.4,12.5,50,Moderate,1.72,JG 14,Integrated Disease Management,Rainfed,Red Sandy Loam,Eastern Dry Zone
2024,IND032,Bangalore,University of Agricultural Sciences GKVK,Karnataka,13.0827,77.579,984.6,30.4,0.75,0.41,8.8,34.3,Moderate,0.99,Pusa 256,Integrated Disease Management,Supplemental Irrigation,Lateritic Soil,Eastern Dry Zone
2025,IND032,Bangalore,University of Agricultural Sciences GKVK,Karnataka,13.0827,77.5877,905,28,0.54,0.39,12.8,51,Moderate,1.62,Pusa 256,Bio-control,Rainfed,Red Loam,Eastern Dry Zone
2015,IND033,Dharwad,ICAR IARI Regional Research Center,Karnataka,15.4589,75.0078,738,31.3,0.45,0.2,14.1,55,High,1.84,ICCV 10,AI Advisory,Supplemental Irrigation,Black Cotton Soil,Transition Agro-Climatic Zone
2016,IND033,Dharwad,ICAR IARI Regional Research Center,Karnataka,15.4589,75.0078,770.8,31.2,0.81,0.48,16.7,65.1,High,1.71,BG 372,Integrated Disease Management,Rainfed,Vertisol,Transition Agro-Climatic Zone
2017,IND033,Dharwad,ICAR IARI Regional Research Center,Karnataka,15.4589,75.0078,784.6,33.3,0.32,0.38,13.2,51.5,High,1.46,Asha,Integrated Disease Management,Supplemental Irrigation,Black Cotton Soil,Transition Agro-Climatic Zone
2018,IND033,Dharwad,ICAR IARI Regional Research Center,Karnataka,15.4589,75.0078,846.4,27.5,0.3,0.36,13,50.7,High,0.81,Pusa 372,Bio-control,Drip-assisted,Lateritic Soil,Transition Agro-Climatic Zone
2019,IND033,Dharwad,ICAR IARI Regional Research Center,Karnataka,15.4589,75.0078,674.2,25,0.5,0.27,14.7,57.3,High,1.85,JG 11,Integrated Disease Management,Drip-assisted,Black Cotton Soil,Transition Agro-Climatic Zone
2020,IND033,Dharwad,ICAR IARI Regional Research Center,Karnataka,15.4589,75.0078,666,25.8,0.44,0.4,14.1,55,High,1.19,KAK 2,Precision Farming,Protective Irrigation,Red Sandy Loam,Transition Agro-Climatic Zone
2021,IND033,Dharwad,ICAR IARI Regional Research Center,Karnataka,15.4589,75.0078,769.8,24.4,0.28,0.18,11.9,46.4,High,1.75,KAK 2,Integrated Disease Management,Drip-assisted,Alluvial Soil,Transition Agro-Climatic Zone
2022,IND033,Dharwad,ICAR IARI Regional Research Center,Karnataka,15.4589,75.0078,760,29.4,0.66,0.3,17.5,70,High,1.34,JG 11,Integrated Disease Management,Rainfed,Medium Black Soil,Northern Transition Zone
2023,IND033,Dharwad,ICAR IARI Regional Research Center,Karnataka,15.4589,75.0078,740,29.8,0.58,0.35,15.2,61,High,1.54,JG 11,Integrated Disease Management,Rainfed,Medium Black Soil,Northern Transition Zone
2024,IND033,Dharwad,ICAR IARI Regional Research Center,Karnataka,15.4589,75.0078,740.6,28.7,0.7,0.45,17.3,67.5,High,2.22,JG 14,Microbial Consortium,Drip-assisted,Red Sandy Loam,Transition Agro-Climatic Zone
2025,IND033,Dharwad,ICAR IARI Regional Research Center,Karnataka,15.4589,75.0078,745,29.6,0.68,0.29,18.2,73,High,1.3,Pusa 372,Bio-control,Rainfed,Medium Black Soil,Northern Transition Zone
2015,IND034,Kalaburagi,Kalaburagi Pulse Research Station,Karnataka,17.3297,76.8343,870,28,0.54,0.32,20,78,High,1.06,KAK 2,Precision Farming,Rainfed,Black Cotton Soil,North Karnataka Dry Zone
2016,IND034,Kalaburagi,Kalaburagi Pulse Research Station,Karnataka,17.3297,76.8343,726.8,33.1,0.51,0.18,16.9,65.9,High,1.17,JG 11,Precision Farming,Drip-assisted,Alluvial Soil,North Karnataka Dry Zone
2017,IND034,Kalaburagi,Kalaburagi Pulse Research Station,Karnataka,17.3297,76.8343,824.6,26.7,0.28,0.51,15.8,61.6,High,2.01,Asha,Integrated Disease Management,Protective Irrigation,Black Cotton Soil,North Karnataka Dry Zone
2018,IND034,Kalaburagi,Kalaburagi Pulse Research Station,Karnataka,17.3297,76.8343,764.4,33.4,0.81,0.44,17.8,69.4,High,1.12,BG 372,AI Advisory,Protective Irrigation,Vertisol,North Karnataka Dry Zone
2019,IND034,Kalaburagi,Kalaburagi Pulse Research Station,Karnataka,17.3297,76.8343,812.2,31.7,0.43,0.46,21,81.9,High,1.66,Pusa 372,AI Advisory,Rainfed,Lateritic Soil,North Karnataka Dry Zone
2020,IND034,Kalaburagi,Kalaburagi Pulse Research Station,Karnataka,17.3297,76.8343,703,33,0.73,0.4,20.3,79.2,High,2.22,Pusa 256,Integrated Disease Management,Supplemental Irrigation,Lateritic Soil,North Karnataka Dry Zone
2021,IND034,Kalaburagi,Kalaburagi Pulse Research Station,Karnataka,17.3297,76.8343,721.8,29.8,0.86,0.39,16.9,65.9,High,1.8,KAK 2,Climate-smart Agriculture,Drip-assisted,Vertisol,North Karnataka Dry Zone
2022,IND034,Kalaburagi,Kalaburagi Pulse Research Station,Karnataka,17.3297,76.8343,690,30.8,0.76,0.25,21.5,84,Very High,1.1,JG 14,Integrated Disease Management,Rainfed,Black Cotton Soil,Northeastern Dry Zone
2023,IND034,Kalaburagi,Kalaburagi Pulse Research Station,Karnataka,17.3297,76.8343,690,31.2,0.7,0.28,18.8,75,High,1.34,JG 14,Integrated Disease Management,Rainfed,Deep Black Soil,North Eastern Dry Zone
2024,IND034,Kalaburagi,Kalaburagi Pulse Research Station,Karnataka,17.3297,76.8343,700.6,31.4,0.84,0.43,18.8,73.3,High,2.16,Pusa 372,Bio-control,Supplemental Irrigation,Black Cotton Soil,North Karnataka Dry Zone
2025,IND034,Kalaburagi,Kalaburagi Pulse Research Station,Karnataka,17.3297,76.8343,675,31,0.78,0.24,22.2,87,Very High,1.06,Pusa 256,Bio-control,Rainfed,Black Cotton Soil,Northeastern Dry Zone
2015,IND035,Mandya,Sampoorna International Institute of Agri Sciences,Karnataka,12.5218,76.8951,765,25,0.81,0.52,10.1,39.4,Moderate,0.71,BG 372,Integrated Disease Management,Rainfed,Black Cotton Soil,Cauvery Command Zone
2016,IND035,Mandya,Sampoorna International Institute of Agri Sciences,Karnataka,12.5218,76.8951,724.8,24.3,0.48,0.23,10.8,42.1,Moderate,1.15,HC 5,Precision Farming,Protective Irrigation,Black Cotton Soil,Cauvery Command Zone
2017,IND035,Mandya,Sampoorna International Institute of Agri Sciences,Karnataka,12.5218,76.8951,786.6,24.6,0.82,0.36,12.3,48,Moderate,1.88,ICCV 10,Climate-smart Agriculture,Drip-assisted,Alluvial Soil,Cauvery Command Zone
2018,IND035,Mandya,Sampoorna International Institute of Agri Sciences,Karnataka,12.5218,76.8951,712.4,30.5,0.37,0.39,15.1,58.9,Moderate,1.3,JG 11,Climate-smart Agriculture,Drip-assisted,Vertisol,Cauvery Command Zone
2019,IND035,Mandya,Sampoorna International Institute of Agri Sciences,Karnataka,12.5218,76.8951,770.2,27,0.48,0.3,9.4,36.7,Moderate,1.16,ICCV 10,Precision Farming,Rainfed,Black Cotton Soil,Cauvery Command Zone
2020,IND035,Mandya,Sampoorna International Institute of Agri Sciences,Karnataka,12.5218,76.8951,707,33.4,0.74,0.2,14.2,55.4,Moderate,2.35,Pusa 372,Climate-smart Agriculture,Protective Irrigation,Loamy Soil,Cauvery Command Zone
2021,IND035,Mandya,Sampoorna International Institute of Agri Sciences,Karnataka,12.5218,76.8951,681.8,29.8,0.86,0.46,11.3,44.1,Moderate,2.23,JG 14,Integrated Disease Management,Supplemental Irrigation,Red Sandy Loam,Cauvery Command Zone
2022,IND035,Mandya,Sampoorna International Institute of Agri Sciences,Karnataka,12.5218,76.8951,780,28.4,0.58,0.36,14,56,High,1.52,JG 11,Integrated Disease Management,Rainfed,Red Sandy Loam,Southern Dry Zone
2023,IND035,Mandya,Sampoorna International Institute of Agri Sciences,Karnataka,12.5218,76.8951,780,28.8,0.54,0.38,13.2,53,Moderate,1.68,JG 11,Integrated Disease Management,Rainfed,Red Loam,Southern Dry Zone
2024,IND035,Mandya,Sampoorna International Institute of Agri Sciences,Karnataka,12.5218,76.8951,760.6,31,0.83,0.3,10.4,40.6,Moderate,2.13,BG 372,Microbial Consortium,Supplemental Irrigation,Lateritic Soil,Cauvery Command Zone
2025,IND035,Mandya,Sampoorna International Institute of Agri Sciences,Karnataka,12.5218,76.8951,765,28.6,0.6,0.35,14.8,59,High,1.48,Pusa 372,Bio-control,Rainfed,Red Sandy Loam,Southern Dry Zone
2015,IND036,Mysuru,Central Sericultural Research and Training Institute,Karnataka,12.2958,76.6394,782,33.4,0.55,0.51,12.7,49.5,Moderate,0.6,Vijay,Precision Farming,Supplemental Irrigation,Loamy Soil,Southern Transition Zone
2016,IND036,Mysuru,Central Sericultural Research and Training Institute,Karnataka,12.2958,76.6394,751.8,30.7,0.59,0.49,9.7,37.8,Moderate,0.73,KAK 2,Integrated Disease Management,Rainfed,Alluvial Soil,Southern Transition Zone
2017,IND036,Mysuru,Central Sericultural Research and Training Institute,Karnataka,12.2958,76.6394,710.6,26.2,0.52,0.41,13.8,53.8,Moderate,1.31,KAK 2,Bio-control,Supplemental Irrigation,Alluvial Soil,Southern Transition Zone
2018,IND036,Mysuru,Central Sericultural Research and Training Institute,Karnataka,12.2958,76.6394,808.4,27.5,0.26,0.26,12,46.8,Moderate,1.01,Vijay,Precision Farming,Drip-assisted,Alluvial Soil,Southern Transition Zone
2019,IND036,Mysuru,Central Sericultural Research and Training Institute,Karnataka,12.2958,76.6394,768.2,30.4,0.78,0.37,8.3,32.4,Moderate,1.18,JG 14,Microbial Consortium,Rainfed,Black Cotton Soil,Southern Transition Zone
2020,IND036,Mysuru,Central Sericultural Research and Training Institute,Karnataka,12.2958,76.6394,849,27.6,0.43,0.29,8.6,33.5,Moderate,1.59,ICCV 10,Bio-control,Drip-assisted,Lateritic Soil,Southern Transition Zone
2021,IND036,Mysuru,Central Sericultural Research and Training Institute,Karnataka,12.2958,76.6394,832.8,33.4,0.79,0.54,9.7,37.8,Moderate,0.88,JG 11,Climate-smart Agriculture,Rainfed,Black Cotton Soil,Southern Transition Zone
2022,IND036,Mysuru,Central Sericultural Research and Training Institute,Karnataka,12.2958,76.6394,810,27.9,0.54,0.39,12.8,50,Moderate,1.62,JG 14,Integrated Disease Management,Rainfed,Red Loam,Southern Transition Zone
2023,IND036,Mysuru,Central Sericultural Research and Training Institute,Karnataka,12.2958,76.6394,810,27.8,0.46,0.43,11,44,Moderate,1.8,JG 14,Integrated Disease Management,Rainfed,Red Sandy Loam,Southern Transition Zone
2024,IND036,Mysuru,Central Sericultural Research and Training Institute,Karnataka,12.2958,76.6394,791.6,26.4,0.87,0.3,13.8,53.8,Moderate,1.86,JG 11,Bio-control,Rainfed,Red Sandy Loam,Southern Transition Zone
2025,IND036,Mysuru,Central Sericultural Research and Training Institute,Karnataka,12.2958,76.6394,795,28.1,0.56,0.38,13.5,53,Moderate,1.58,Pusa 256,Bio-control,Rainfed,Red Loam,Southern Transition Zone
2015,IND037,Raichur,University of Agricultural Sciences Raichur,Karnataka,16.2076,77.3463,655,26.8,0.52,0.19,22.9,89.3,Very High,1.62,ICCV 10,Integrated Disease Management,Rainfed,Vertisol,North Eastern Dry Zone
2016,IND037,Raichur,University of Agricultural Sciences Raichur,Karnataka,16.2076,77.3463,550.8,24.1,0.78,0.22,22.5,87.8,Very High,0.77,JG 14,Integrated Disease Management,Supplemental Irrigation,Lateritic Soil,North Eastern Dry Zone
2017,IND037,Raichur,University of Agricultural Sciences Raichur,Karnataka,16.2076,77.3463,551.6,24.4,0.66,0.47,28.5,99,Very High,1.4,KAK 2,Microbial Consortium,Drip-assisted,Lateritic Soil,North Eastern Dry Zone
2018,IND037,Raichur,University of Agricultural Sciences Raichur,Karnataka,16.2076,77.3463,636.4,25.7,0.4,0.4,22.5,87.8,Very High,1.87,KAK 2,Integrated Disease Management,Drip-assisted,Lateritic Soil,North Eastern Dry Zone
2019,IND037,Raichur,University of Agricultural Sciences Raichur,Karnataka,16.2076,77.3463,618.2,25.8,0.68,0.32,28.8,99,Very High,0.83,KAK 2,Microbial Consortium,Drip-assisted,Red Sandy Loam,North Eastern Dry Zone
2020,IND037,Raichur,University of Agricultural Sciences Raichur,Karnataka,16.2076,77.3463,685,32.3,0.76,0.42,26,99,Very High,1.04,JG 14,Bio-control,Drip-assisted,Lateritic Soil,North Eastern Dry Zone
2021,IND037,Raichur,University of Agricultural Sciences Raichur,Karnataka,16.212,77.3439,670,30.9,0.74,0.26,20.8,82,Very High,1.14,JG 11,Integrated Disease Management,Rainfed,Black Cotton Soil,Northeastern Dry Zone
2022,IND037,Raichur,University of Agricultural Sciences Raichur,Karnataka,16.2076,77.3463,640,31.4,0.72,0.27,19.5,78,High,1.28,JG 14,Integrated Disease Management,Rainfed,Deep Black Soil,North Eastern Dry Zone
2023,IND037,Raichur,University of Agricultural Sciences Raichur,Karnataka,16.2076,77.3463,547.6,30.1,0.7,0.27,24.6,95.9,Very High,0.85,Asha,Climate-smart Agriculture,Supplemental Irrigation,Red Sandy Loam,North Eastern Dry Zone
2024,IND037,Raichur,University of Agricultural Sciences Raichur,Karnataka,16.212,77.3439,655,31.1,0.76,0.25,21.5,85,Very High,1.1,Pusa 372,Bio-control,Rainfed,Black Cotton Soil,Northeastern Dry Zone
2025,IND037,Raichur,University of Agricultural Sciences Raichur,Karnataka,16.2076,77.3463,625,31.6,0.74,0.26,20.2,81,Very High,1.24,Pusa 256,Bio-control,Rainfed,Deep Black Soil,North Eastern Dry Zone
2015,IND038,Tumakuru,Krishi Vigyan Kendra Tumakuru,Karnataka,13.3409,77.101,742,32.7,0.85,0.38,16.3,63.6,High,1.86,HC 5,Bio-control,Protective Irrigation,Black Cotton Soil,Southern Dry Zone
2016,IND038,Tumakuru,Krishi Vigyan Kendra Tumakuru,Karnataka,13.3409,77.101,688.8,29.1,0.82,0.2,21.5,83.8,High,0.98,JG 11,Integrated Disease Management,Drip-assisted,Lateritic Soil,Southern Dry Zone
2017,IND038,Tumakuru,Krishi Vigyan Kendra Tumakuru,Karnataka,13.3409,77.101,718.6,24.6,0.86,0.27,17.4,67.9,High,1.43,Vijay,Precision Farming,Protective Irrigation,Vertisol,Southern Dry Zone
2018,IND038,Tumakuru,Krishi Vigyan Kendra Tumakuru,Karnataka,13.3409,77.101,607.4,31.7,0.47,0.34,18.6,72.5,High,1.53,JG 11,AI Advisory,Drip-assisted,Lateritic Soil,Southern Dry Zone
2019,IND038,Tumakuru,Krishi Vigyan Kendra Tumakuru,Karnataka,13.3409,77.101,759.2,26.3,0.64,0.53,17.2,67.1,High,1.69,JG 11,Precision Farming,Supplemental Irrigation,Alluvial Soil,Southern Dry Zone
2020,IND038,Tumakuru,Krishi Vigyan Kendra Tumakuru,Karnataka,13.3409,77.101,619,27.6,0.45,0.18,21.7,84.6,High,2.04,JG 11,Microbial Consortium,Protective Irrigation,Black Cotton Soil,Southern Dry Zone
2021,IND038,Tumakuru,Krishi Vigyan Kendra Tumakuru,Karnataka,13.3409,77.101,719.8,26.7,0.51,0.27,16.7,65.1,High,1.4,ICCV 10,Bio-control,Supplemental Irrigation,Alluvial Soil,Southern Dry Zone
2022,IND038,Tumakuru,Krishi Vigyan Kendra Tumakuru,Karnataka,13.3409,77.101,720,28.8,0.62,0.33,15.8,62,High,1.46,JG 14,Integrated Disease Management,Rainfed,Red Sandy Loam,Central Dry Zone
2023,IND038,Tumakuru,Krishi Vigyan Kendra Tumakuru,Karnataka,13.3409,77.101,690,29.6,0.58,0.35,14.8,59,High,1.56,JG 11,Integrated Disease Management,Rainfed,Red Loam,Central Dry Zone
2024,IND038,Tumakuru,Krishi Vigyan Kendra Tumakuru,Karnataka,13.3409,77.101,705.6,30.9,0.86,0.27,18.8,73.3,High,1.87,Asha,Microbial Consortium,Drip-assisted,Vertisol,Southern Dry Zone
2025,IND038,Tumakuru,Krishi Vigyan Kendra Tumakuru,Karnataka,13.3409,77.101,705,29,0.64,0.32,16.5,65,High,1.42,Pusa 256,Bio-control,Rainfed,Red Sandy Loam,Central Dry Zone
2015,IND039,Vijayapura,College of Agriculture UAS Dharwad,Karnataka,16.8302,75.71,521,28.7,0.68,0.22,23,89.7,Very High,1.96,ICCV 10,Integrated Disease Management,Protective Irrigation,Red Sandy Loam,Northern Dry Zone
2016,IND039,Vijayapura,College of Agriculture UAS Dharwad,Karnataka,16.8302,75.71,603.8,30.4,0.42,0.49,21.2,82.7,Very High,1.75,ICCV 10,Integrated Disease Management,Supplemental Irrigation,Loamy Soil,Northern Dry Zone
2017,IND039,Vijayapura,College of Agriculture UAS Dharwad,Karnataka,16.8302,75.71,582.6,33.1,0.75,0.53,23.2,90.5,Very High,1.64,Vijay,Microbial Consortium,Rainfed,Vertisol,Northern Dry Zone
2018,IND039,Vijayapura,College of Agriculture UAS Dharwad,Karnataka,16.8302,75.71,540.4,31.6,0.54,0.39,24.4,95.2,Very High,1.38,ICCV 10,Bio-control,Protective Irrigation,Black Cotton Soil,Northern Dry Zone
2019,IND039,Vijayapura,College of Agriculture UAS Dharwad,Karnataka,16.8302,75.71,569.2,28,0.48,0.4,23.4,91.3,Very High,1.14,Pusa 256,Bio-control,Rainfed,Lateritic Soil,Northern Dry Zone
2020,IND039,Vijayapura,College of Agriculture UAS Dharwad,Karnataka,16.8302,75.71,661,30.2,0.67,0.36,28.2,99,Very High,1.06,Pusa 372,Climate-smart Agriculture,Rainfed,Loamy Soil,Northern Dry Zone
2021,IND039,Vijayapura,College of Agriculture UAS Dharwad,Karnataka,16.8302,75.71,623.8,25.9,0.43,0.47,26.8,99,Very High,2.27,Pusa 256,Climate-smart Agriculture,Drip-assisted,Black Cotton Soil,Northern Dry Zone
2022,IND039,Vijayapura,College of Agriculture UAS Dharwad,Karnataka,16.8302,75.71,590,31.4,0.8,0.22,23.5,90,Very High,1,JG 11,Integrated Disease Management,Rainfed,Deep Black Soil,Northern Dry Zone
2023,IND039,Vijayapura,College of Agriculture UAS Dharwad,Karnataka,16.8302,75.71,590,31.8,0.78,0.24,21.8,87,Very High,1.12,JG 14,Integrated Disease Management,Rainfed,Black Cotton Soil,Northern Dry Zone
2024,IND039,Vijayapura,College of Agriculture UAS Dharwad,Karnataka,16.8302,75.71,553.6,30.7,0.55,0.48,28.2,99,Very High,1.15,BG 372,Bio-control,Protective Irrigation,Alluvial Soil,Northern Dry Zone
2025,IND039,Vijayapura,College of Agriculture UAS Dharwad,Karnataka,16.8302,75.71,575,31.6,0.82,0.21,24.2,93,Very High,0.96,Pusa 372,Bio-control,Rainfed,Deep Black Soil,Northern Dry Zone
2015,IND040,Amlaha,ICARDA South Asia Hub,Madhya Pradesh,23.02,77.09,940,27.8,0.62,0.31,18.5,67,High,1.42,JG 11,Integrated Disease Management,Rainfed,Black Cotton Soil,Central Plateau
2016,IND040,Amlaha,ICARDA South Asia Hub,Madhya Pradesh,23.02,77.09,925,28,0.64,0.3,19.2,69,High,1.39,Pusa 372,Bio-control,Rainfed,Black Cotton Soil,Central Plateau
2017,IND040,Amlaha,ICARDA South Asia Hub,Madhya Pradesh,23.02,77.09,910,28.1,0.66,0.29,20.1,72,High,1.35,JG 14,Climate-smart Agriculture,Rainfed,Vertisol,Central Plateau
2018,IND040,Amlaha,ICARDA South Asia Hub,Madhya Pradesh,23.02,77.09,905,28.3,0.68,0.28,21.3,76,High,1.3,ICCV 10,Microbial Consortium,Protective Irrigation,Vertisol,Central Plateau
2019,IND040,Amlaha,ICARDA South Asia Hub,Madhya Pradesh,23.02,77.09,895,28.5,0.7,0.27,22,79,Very High,1.24,JG 11,Precision Farming,Rainfed,Black Cotton Soil,Central Plateau
2020,IND040,Amlaha,ICARDA South Asia Hub,Madhya Pradesh,23.02,77.09,880,28.7,0.72,0.26,23.2,83,Very High,1.2,BG 372,AI Advisory,Supplemental Irrigation,Vertisol,Central Plateau
2021,IND040,Amlaha,ICARDA South Asia Hub,Madhya Pradesh,23.1167,77.9333,980,28.9,0.58,0.36,14.5,58,High,1.5,JG 14,Integrated Disease Management,Rainfed,Vertisol,Central Narmada Valley
2022,IND040,Amlaha,ICARDA South Asia Hub,Madhya Pradesh,23.1022,77.0219,980,28.9,0.52,0.39,13.5,54,High,1.62,JG 11,Integrated Disease Management,Rainfed,Medium Black Soil,Central Plateau and Hills
2023,IND040,Amlaha,ICARDA South Asia Hub,Madhya Pradesh,23.1167,77.9333,965,29.1,0.6,0.35,15.2,61,High,1.46,Pusa 256,Bio-control,Rainfed,Vertisol,Central Narmada Valley
2024,IND040,Amlaha,ICARDA South Asia Hub,Madhya Pradesh,23.1022,77.0219,965,29.1,0.54,0.38,14.2,57,High,1.58,Pusa 372,Bio-control,Rainfed,Medium Black Soil,Central Plateau and Hills
2025,IND040,Amlaha,ICARDA South Asia Hub,Madhya Pradesh,23.1167,77.9333,950,29.3,0.62,0.34,16,64,High,1.42,JG 11,Climate-smart Agriculture,Protective Irrigation,Black Soil,Central Narmada Valley
2018,IND041,Bhopal,Central Institute of Agricultural Engineering Field Unit,Madhya Pradesh,23.309,77.361,1085,26.8,0.41,0.57,13.2,68,Moderate,2.02,Pusa 372,Integrated Nutrient Management,Protective Irrigation,Alluvial Soil,Central Plateau and Hills Region
2019,IND041,Bhopal,Central Institute of Agricultural Engineering Field Unit,Madhya Pradesh,23.309,77.361,1022,27.4,0.46,0.52,14.7,70,High,1.91,Asha,Precision Farming,Drip-assisted,Vertisol,Central Plateau and Hills Region
2020,IND041,Bhopal,Central Institute of Agricultural Engineering Field Unit,Madhya Pradesh,23.309,77.361,960,28.1,0.51,0.49,16.5,76,High,1.72,BG 372,Climate-smart Agriculture,Rainfed,Black Cotton Soil,Central Plateau and Hills Region
2018,IND042,Bhopal,ICARDA South Asia Hub,Madhya Pradesh,23.2599,77.4126,1120,26.4,0.42,0.56,14.8,72,High,1.95,JG 11,Integrated Disease Management,Protective Irrigation,Black Cotton Soil,Central Plateau and Hills Region
2019,IND042,Bhopal,ICARDA South Asia Hub,Madhya Pradesh,23.2599,77.4126,1045,27.1,0.47,0.53,15.6,74,High,1.88,JAKI 9218,Climate-smart Agriculture,Drip-assisted,Vertisol,Central Plateau and Hills Region
2020,IND042,Bhopal,ICARDA South Asia Hub,Madhya Pradesh,23.2599,77.4126,980,28,0.52,0.48,17.1,79,High,1.74,ICCV 10,Bio-control,Rainfed,Clay Loam,Central Plateau and Hills Region
2015,IND043,Gwalior,Central Institute of Agricultural Engineering Field Unit,Madhya Pradesh,26.2183,78.1828,760,29.1,0.71,0.25,24.1,86,Very High,1.05,JG 14,Integrated Disease Management,Rainfed,Alluvial Soil,North Madhya Plateau
2016,IND043,Gwalior,Central Institute of Agricultural Engineering Field Unit,Madhya Pradesh,26.2183,78.1828,745,29.2,0.73,0.24,24.8,89,Very High,1.01,Pusa 372,Bio-control,Rainfed,Alluvial Soil,North Madhya Plateau
2017,IND043,Gwalior,Central Institute of Agricultural Engineering Field Unit,Madhya Pradesh,26.2183,78.1828,730,29.4,0.75,0.23,25.6,92,Very High,0.96,JG 11,Precision Farming,Protective Irrigation,Loamy Soil,North Madhya Plateau
2018,IND043,Gwalior,Central Institute of Agricultural Engineering Field Unit,Madhya Pradesh,26.2183,78.1828,720,29.6,0.77,0.22,26.4,95,Very High,0.91,KAK 2,Climate-smart Agriculture,Rainfed,Loamy Soil,North Madhya Plateau
2019,IND043,Gwalior,Central Institute of Agricultural Engineering Field Unit,Madhya Pradesh,26.2183,78.1828,710,29.8,0.79,0.21,27.1,97,Very High,0.88,JG 14,Microbial Consortium,Rainfed,Alluvial Soil,North Madhya Plateau
2020,IND043,Gwalior,Central Institute of Agricultural Engineering Field Unit,Madhya Pradesh,26.2183,78.1828,700,30,0.81,0.2,28,99,Very High,0.84,ICCV 10,AI Advisory,Supplemental Irrigation,Alluvial Soil,North Madhya Plateau
2021,IND043,Gwalior,Central Institute of Agricultural Engineering Field Unit,Madhya Pradesh,26.2183,78.1828,760,29.6,0.66,0.3,17,68,High,1.36,JG 11,Integrated Disease Management,Rainfed,Alluvial Soil,Gird Region
2022,IND043,Gwalior,Central Institute of Agricultural Engineering Field Unit,Madhya Pradesh,26.2183,78.1828,760,30.4,0.62,0.33,16,64,High,1.48,JG 14,Integrated Disease Management,Rainfed,Alluvial Loam,Gird Region
2023,IND043,Gwalior,Central Institute of Agricultural Engineering Field Unit,Madhya Pradesh,26.2183,78.1828,745,29.8,0.68,0.29,17.8,71,High,1.32,Pusa 372,Bio-control,Rainfed,Alluvial Soil,Gird Region
2024,IND043,Gwalior,Central Institute of Agricultural Engineering Field Unit,Madhya Pradesh,26.2183,78.1828,745,30.6,0.64,0.32,16.8,67,High,1.44,Pusa 256,Bio-control,Rainfed,Alluvial Loam,Gird Region
2025,IND043,Gwalior,Central Institute of Agricultural Engineering Field Unit,Madhya Pradesh,26.2183,78.1828,730,30,0.7,0.28,18.5,74,High,1.28,JG 14,Climate-smart Agriculture,Protective Irrigation,Clay Loam,Gird Region
2015,IND044,Harda,Krishi Vigyan Kendra Harda,Madhya Pradesh,22.3441,77.0955,980,27,0.55,0.36,14,52,Moderate,1.58,JG 11,Integrated Disease Management,Rainfed,Black Cotton Soil,Narmada Valley
2016,IND044,Harda,Krishi Vigyan Kendra Harda,Madhya Pradesh,22.3441,77.0955,970,27.1,0.57,0.35,14.8,55,High,1.54,Pusa 256,Bio-control,Rainfed,Black Cotton Soil,Narmada Valley
2017,IND044,Harda,Krishi Vigyan Kendra Harda,Madhya Pradesh,22.3441,77.0955,955,27.3,0.59,0.34,15.6,58,High,1.5,JG 14,Climate-smart Agriculture,Protective Irrigation,Vertisol,Narmada Valley
2018,IND044,Harda,Krishi Vigyan Kendra Harda,Madhya Pradesh,22.3441,77.0955,945,27.5,0.61,0.33,16.5,61,High,1.46,KAK 2,Microbial Consortium,Rainfed,Vertisol,Narmada Valley
2019,IND044,Harda,Krishi Vigyan Kendra Harda,Madhya Pradesh,22.3441,77.0952,1180,25.9,0.38,0.61,11.4,61,Moderate,2.14,Pusa 256,Integrated Disease Management,Furrow Irrigation,Clay Loam,Malwa Plateau Zone
2020,IND044,Harda,Krishi Vigyan Kendra Harda,Madhya Pradesh,22.3441,77.0955,935,27.6,0.63,0.32,17.1,64,High,1.42,JG 11,Precision Farming,Rainfed,Black Cotton Soil,Narmada Valley
2021,IND044,Harda,Krishi Vigyan Kendra Harda,Madhya Pradesh,22.3441,77.0952,1090,26.5,0.44,0.56,12.8,65,Moderate,2.01,ICCV 10,Precision Farming,Protective Irrigation,Black Soil,Malwa Plateau Zone
2022,IND044,Harda,Krishi Vigyan Kendra Harda,Madhya Pradesh,22.3441,77.0955,920,27.8,0.65,0.31,18,67,High,1.38,BG 372,AI Advisory,Supplemental Irrigation,Black Cotton Soil,Narmada Valley
2023,IND044,Harda,Krishi Vigyan Kendra Harda,Madhya Pradesh,22.3441,77.0952,1015,27,0.49,0.51,14.2,71,High,1.87,Asha,Climate-smart Agriculture,Drip-assisted,Vertisol,Malwa Plateau Zone
2024,IND044,Harda,Krishi Vigyan Kendra Harda,Madhya Pradesh,22.3441,77.0952,1040,28.2,0.54,0.39,13.2,52,Moderate,1.6,JG 14,Integrated Disease Management,Rainfed,Medium Black Soil,Narmadapuram Zone
2025,IND044,Harda,Krishi Vigyan Kendra Harda,Madhya Pradesh,22.3441,77.0952,1040,29.2,0.5,0.4,12.8,51,Moderate,1.7,JG 11,Integrated Disease Management,Rainfed,Black Soil,Narmada Valley Zone
2015,IND045,Jabalpur,Jawaharlal Nehru Krishi Vishwa Vidyalaya,Madhya Pradesh,23.1815,79.9864,1080,26.8,0.48,0.4,10.5,39,Moderate,1.72,Pusa 372,Integrated Disease Management,Rainfed,Vertisol,Kymore Plateau
2016,IND045,Jabalpur,Jawaharlal Nehru Krishi Vishwa Vidyalaya,Madhya Pradesh,23.1815,79.9864,1065,27,0.5,0.39,11.2,42,Moderate,1.68,JG 11,Bio-control,Rainfed,Vertisol,Kymore Plateau
2017,IND045,Jabalpur,Jawaharlal Nehru Krishi Vishwa Vidyalaya,Madhya Pradesh,23.1815,79.9864,1050,27.2,0.52,0.38,12,45,Moderate,1.64,JG 14,Climate-smart Agriculture,Protective Irrigation,Loamy Soil,Kymore Plateau
2018,IND045,Jabalpur,Jawaharlal Nehru Krishi Vishwa Vidyalaya,Madhya Pradesh,23.1815,79.9864,1035,27.4,0.54,0.37,12.8,48,Moderate,1.6,ICCV 10,Microbial Consortium,Rainfed,Loamy Soil,Kymore Plateau
2019,IND045,Jabalpur,Jawaharlal Nehru Krishi Vishwa Vidyalaya,Madhya Pradesh,23.1815,79.9864,1320,25.2,0.34,0.65,10.1,55,Moderate,2.34,JG 16,Integrated Disease Management,Canal Irrigation,Clay Loam,Kymore Plateau and Satpura Hills
2020,IND045,Jabalpur,Jawaharlal Nehru Krishi Vishwa Vidyalaya,Madhya Pradesh,23.1815,79.9864,1020,27.6,0.56,0.36,13.5,51,Moderate,1.56,KAK 2,Precision Farming,Rainfed,Vertisol,Kymore Plateau
2021,IND045,Jabalpur,Jawaharlal Nehru Krishi Vishwa Vidyalaya,Madhya Pradesh,23.1815,79.9864,1215,26.1,0.39,0.6,11.6,60,Moderate,2.18,Pusa 372,Climate-smart Agriculture,Protective Irrigation,Black Soil,Kymore Plateau and Satpura Hills
2022,IND045,Jabalpur,Jawaharlal Nehru Krishi Vishwa Vidyalaya,Madhya Pradesh,23.1815,79.9864,1005,27.8,0.58,0.35,14.2,54,High,1.5,BG 372,AI Advisory,Supplemental Irrigation,Vertisol,Kymore Plateau
2023,IND045,Jabalpur,Jawaharlal Nehru Krishi Vishwa Vidyalaya,Madhya Pradesh,23.1815,79.9864,1180,27.6,0.5,0.41,12,48,Moderate,1.68,JG 11,Integrated Disease Management,Rainfed,Black Soil,Kymore Plateau Zone
2024,IND045,Jabalpur,Jawaharlal Nehru Krishi Vishwa Vidyalaya,Madhya Pradesh,23.1815,79.9864,1180,28.6,0.46,0.43,11.5,46,Moderate,1.78,JG 14,Integrated Disease Management,Rainfed,Medium Black Soil,Kymore Plateau and Satpura Hills
2025,IND045,Jabalpur,Jawaharlal Nehru Krishi Vishwa Vidyalaya,Madhya Pradesh,23.1815,79.9864,1165,27.8,0.52,0.4,12.8,51,Moderate,1.64,Pusa 372,Bio-control,Rainfed,Black Soil,Kymore Plateau Zone
2015,IND046,Rajgarh,Rajgarh Dryland Pulse Station,Madhya Pradesh,23.8687,76.7325,820,28.4,0.69,0.28,20.5,74,High,1.22,JG 11,Integrated Disease Management,Rainfed,Black Cotton Soil,Malwa Plateau
2016,IND046,Rajgarh,Rajgarh Dryland Pulse Station,Madhya Pradesh,23.8687,76.7325,810,28.6,0.71,0.27,21.2,76,High,1.18,Pusa 372,Bio-control,Rainfed,Black Cotton Soil,Malwa Plateau
2017,IND046,Rajgarh,Rajgarh Dryland Pulse Station,Madhya Pradesh,23.8687,76.7325,800,28.8,0.73,0.26,22,79,Very High,1.14,JG 14,Climate-smart Agriculture,Protective Irrigation,Vertisol,Malwa Plateau
2018,IND046,Rajgarh,Rajgarh Dryland Pulse Station,Madhya Pradesh,23.8687,76.7325,790,29,0.75,0.25,22.8,82,Very High,1.1,KAK 2,Microbial Consortium,Rainfed,Vertisol,Malwa Plateau
2019,IND046,Rajgarh,Rajgarh Dryland Pulse Station,Madhya Pradesh,23.8687,76.7325,780,29.2,0.77,0.24,23.6,85,Very High,1.05,JG 11,Precision Farming,Rainfed,Black Cotton Soil,Malwa Plateau
2020,IND046,Rajgarh,Rajgarh Dryland Pulse Station,Madhya Pradesh,23.8687,76.7325,770,29.4,0.79,0.23,24.4,88,Very High,1,BG 372,AI Advisory,Supplemental Irrigation,Black Cotton Soil,Malwa Plateau
2021,IND046,Rajgarh,Rajgarh Dryland Pulse Station,Madhya Pradesh,23.8674,76.732,860,29.1,0.64,0.32,16,64,High,1.44,JG 14,Integrated Disease Management,Rainfed,Medium Black Soil,Malwa Plateau
2022,IND046,Rajgarh,Rajgarh Dryland Pulse Station,Madhya Pradesh,23.8685,76.7337,820,30,0.58,0.35,15.2,61,High,1.54,JG 11,Integrated Disease Management,Rainfed,Medium Black Soil,Malwa Plateau
2023,IND046,Rajgarh,Rajgarh Dryland Pulse Station,Madhya Pradesh,23.8674,76.732,845,29.3,0.66,0.31,16.8,67,High,1.4,Pusa 256,Bio-control,Rainfed,Medium Black Soil,Malwa Plateau
2024,IND046,Rajgarh,Rajgarh Dryland Pulse Station,Madhya Pradesh,23.8685,76.7337,805,30.2,0.6,0.34,16,64,High,1.5,Pusa 372,Bio-control,Rainfed,Medium Black Soil,Malwa Plateau
2025,IND046,Rajgarh,Rajgarh Dryland Pulse Station,Madhya Pradesh,23.8674,76.732,830,29.5,0.68,0.3,17.5,70,High,1.36,JG 11,Climate-smart Agriculture,Protective Irrigation,Vertisol,Malwa Plateau
2015,IND047,Satna,Baghelkhand Agricultural Research Farm,Madhya Pradesh,24.6005,80.8322,890,27.5,0.6,0.33,16,58,High,1.38,JG 14,Integrated Disease Management,Rainfed,Red Sandy Loam,Vindhyan Plateau
2016,IND047,Satna,Baghelkhand Agricultural Research Farm,Madhya Pradesh,24.6005,80.8322,875,27.7,0.62,0.32,16.8,61,High,1.34,Pusa 256,Bio-control,Rainfed,Red Sandy Loam,Vindhyan Plateau
2017,IND047,Satna,Baghelkhand Agricultural Research Farm,Madhya Pradesh,24.6005,80.8322,865,27.9,0.64,0.31,17.5,63,High,1.3,ICCV 10,Climate-smart Agriculture,Protective Irrigation,Loamy Soil,Vindhyan Plateau
2018,IND047,Satna,Baghelkhand Agricultural Research Farm,Madhya Pradesh,24.6005,80.8322,855,28.1,0.66,0.3,18.2,66,High,1.26,KAK 2,Microbial Consortium,Rainfed,Loamy Soil,Vindhyan Plateau
2019,IND047,Satna,Baghelkhand Agricultural Research Farm,Madhya Pradesh,24.6005,80.8322,845,28.3,0.68,0.29,19,68,High,1.22,JG 11,Precision Farming,Rainfed,Red Sandy Loam,Vindhyan Plateau
2020,IND047,Satna,Baghelkhand Agricultural Research Farm,Madhya Pradesh,24.6005,80.8322,835,28.5,0.7,0.28,19.8,71,High,1.18,BG 372,AI Advisory,Supplemental Irrigation,Red Sandy Loam,Vindhyan Plateau
2021,IND047,Satna,Baghelkhand Agricultural Research Farm,Madhya Pradesh,24.6005,80.8322,980,28.4,0.56,0.37,14,56,High,1.54,JG 11,Integrated Disease Management,Rainfed,Red and Yellow Soil,Baghelkhand Plateau
2022,IND047,Satna,Baghelkhand Agricultural Research Farm,Madhya Pradesh,24.6005,80.8322,980,29,0.5,0.4,12.5,50,Moderate,1.72,JG 14,Integrated Disease Management,Rainfed,Red and Black Soil,Baghelkhand Plateau
2023,IND047,Satna,Baghelkhand Agricultural Research Farm,Madhya Pradesh,24.6005,80.8322,965,28.6,0.58,0.36,14.8,59,High,1.5,Pusa 372,Bio-control,Rainfed,Red and Yellow Soil,Baghelkhand Plateau
2024,IND047,Satna,Baghelkhand Agricultural Research Farm,Madhya Pradesh,24.6005,80.8322,965,29.2,0.52,0.39,13.2,53,Moderate,1.68,Pusa 256,Bio-control,Rainfed,Red and Black Soil,Baghelkhand Plateau
2025,IND047,Satna,Baghelkhand Agricultural Research Farm,Madhya Pradesh,24.6005,80.8322,950,28.8,0.6,0.35,15.5,62,High,1.46,JG 14,Climate-smart Agriculture,Protective Irrigation,Clay Loam,Baghelkhand Plateau
2017,IND048,Sehore,ICARDA South Asia Hub,Madhya Pradesh,23.2035,77.0844,920,28.8,0.6,0.35,15,60,High,1.48,JG 14,Integrated Disease Management,Rainfed,Vertisol,Central Malwa Plateau
2018,IND048,Sehore,ICARDA South Asia Hub,Madhya Pradesh,23.2035,77.0844,960,29.4,0.54,0.38,13.8,55,High,1.6,JG 11,Integrated Disease Management,Rainfed,Deep Black Soil,Central Narmada Valley
2019,IND048,Sehore,ICARDA South Asia Hub,Madhya Pradesh,23.2035,77.0844,905,29,0.62,0.34,15.8,63,High,1.44,Pusa 256,Bio-control,Rainfed,Vertisol,Central Malwa Plateau
2020,IND048,Sehore,ICARDA South Asia Hub,Madhya Pradesh,23.2035,77.0844,945,29.6,0.56,0.37,14.5,58,High,1.56,Pusa 372,Bio-control,Rainfed,Deep Black Soil,Central Narmada Valley
2021,IND048,Sehore,ICARDA South Asia Hub,Madhya Pradesh,23.2035,77.0844,890,29.2,0.64,0.33,16.5,66,High,1.4,JG 11,Climate-smart Agriculture,Protective Irrigation,Black Soil,Central Malwa Plateau
2022,IND048,Sehore,ICARDA South Asia Hub,Madhya Pradesh,23.2035,77.0844,930,29.8,0.58,0.36,15.2,61,High,1.52,JG 14,Climate-smart Agriculture,Protective Irrigation,Vertisol,Central Narmada Valley
2023,IND048,Sehore,ICARDA South Asia Hub,Madhya Pradesh,23.2035,77.0844,875,29.4,0.66,0.32,17.2,69,High,1.36,BG 372,Precision Farming,Supplemental Irrigation,Black Soil,Central Malwa Plateau
2024,IND048,Sehore,ICARDA South Asia Hub,Madhya Pradesh,23.2035,77.0844,915,30,0.6,0.35,16,64,High,1.48,BG 372,Precision Farming,Supplemental Irrigation,Vertisol,Central Narmada Valley
2015,IND049,Akola,Dr. Panjabrao Deshmukh Krishi Vidyapeeth,Maharashtra,20.7002,77.0082,850,29.3,0.72,0.26,24,86,Very High,1.08,JG 11,Integrated Disease Management,Rainfed,Black Cotton Soil,Vidarbha Dry Zone
2016,IND049,Akola,Dr. Panjabrao Deshmukh Krishi Vidyapeeth,Maharashtra,20.7002,77.0082,835,29.5,0.74,0.25,24.8,89,Very High,1.04,Pusa 372,Bio-control,Rainfed,Black Cotton Soil,Vidarbha Dry Zone
2017,IND049,Akola,Dr. Panjabrao Deshmukh Krishi Vidyapeeth,Maharashtra,20.7002,77.0082,820,29.7,0.76,0.24,25.6,92,Very High,1,JG 14,Climate-smart Agriculture,Protective Irrigation,Vertisol,Vidarbha Dry Zone
2018,IND049,Akola,Dr. Panjabrao Deshmukh Krishi Vidyapeeth,Maharashtra,20.7002,77.0082,810,29.9,0.78,0.23,26.5,95,Very High,0.96,KAK 2,Microbial Consortium,Rainfed,Vertisol,Vidarbha Dry Zone
2019,IND049,Akola,Dr. Panjabrao Deshmukh Krishi Vidyapeeth,Maharashtra,20.7002,77.0082,890,28.8,0.55,0.44,19.4,86,Very High,1.52,ICCV 10,Rainfed Management,Rainfed,Black Cotton Soil,Western Vidarbha Zone
2020,IND049,Akola,Dr. Panjabrao Deshmukh Krishi Vidyapeeth,Maharashtra,20.7002,77.0082,800,30.1,0.8,0.22,27.3,98,Very High,0.92,JG 11,Precision Farming,Rainfed,Black Cotton Soil,Vidarbha Dry Zone
2021,IND049,Akola,Dr. Panjabrao Deshmukh Krishi Vidyapeeth,Maharashtra,20.7002,77.0082,835,29.5,0.61,0.4,21.8,91,Very High,1.38,BG 372,Climate-smart Agriculture,Drip-assisted,Vertisol,Western Vidarbha Zone
2022,IND049,Akola,Dr. Panjabrao Deshmukh Krishi Vidyapeeth,Maharashtra,20.7002,77.0082,790,30.3,0.82,0.21,28,99,Very High,0.88,BG 372,AI Advisory,Supplemental Irrigation,Black Cotton Soil,Vidarbha Dry Zone
2023,IND049,Akola,Dr. Panjabrao Deshmukh Krishi Vidyapeeth,Maharashtra,20.7002,77.0082,760,30.1,0.67,0.37,24.5,96,Very High,1.21,Pusa 256,Bio-control,Rainfed,Black Soil,Western Vidarbha Zone
2024,IND049,Akola,Dr. Panjabrao Deshmukh Krishi Vidyapeeth,Maharashtra,20.7002,77.0082,890,30.1,0.68,0.29,18.5,74,High,1.28,JG 11,Integrated Disease Management,Rainfed,Black Cotton Soil,Vidarbha Zone
2025,IND049,Akola,Dr. Panjabrao Deshmukh Krishi Vidyapeeth,Maharashtra,20.7059,77.0219,860,30.2,0.6,0.34,16,64,High,1.5,JG 14,Integrated Disease Management,Rainfed,Black Cotton Soil,Vidarbha Zone
2015,IND050,Jalna,Marathwada Dryland Research Station,Maharashtra,19.8347,75.8816,690,30,0.8,0.22,27,97,Very High,0.9,JG 14,Integrated Disease Management,Rainfed,Black Cotton Soil,Semi-Arid Plateau
2016,IND050,Jalna,Marathwada Dryland Research Station,Maharashtra,19.8347,75.8816,680,30.2,0.82,0.21,27.8,99,Very High,0.86,Pusa 372,Bio-control,Rainfed,Black Cotton Soil,Semi-Arid Plateau
2017,IND050,Jalna,Marathwada Dryland Research Station,Maharashtra,19.8347,75.8816,670,30.4,0.84,0.2,28.6,99,Very High,0.82,JG 11,Climate-smart Agriculture,Protective Irrigation,Vertisol,Semi-Arid Plateau
2018,IND050,Jalna,Marathwada Dryland Research Station,Maharashtra,19.8347,75.8816,660,30.6,0.86,0.19,29.5,99,Very High,0.78,KAK 2,Microbial Consortium,Rainfed,Vertisol,Semi-Arid Plateau
2019,IND050,Jalna,Marathwada Dryland Research Station,Maharashtra,19.8347,75.8816,650,30.8,0.88,0.18,30.2,99,Very High,0.74,JG 14,Precision Farming,Rainfed,Black Cotton Soil,Semi-Arid Plateau
2020,IND050,Jalna,Marathwada Dryland Research Station,Maharashtra,19.8347,75.8816,640,31,0.9,0.17,31,99,Very High,0.7,BG 372,AI Advisory,Supplemental Irrigation,Black Cotton Soil,Semi-Arid Plateau
2021,IND050,Jalna,Marathwada Dryland Research Station,Maharashtra,19.8347,75.8816,720,31.2,0.76,0.24,22,86,Very High,1.08,JG 14,Integrated Disease Management,Rainfed,Medium Black Soil,Marathwada Zone
2022,IND050,Jalna,Marathwada Dryland Research Station,Maharashtra,19.8347,75.8816,720,31,0.68,0.29,18,72,High,1.36,JG 11,Integrated Disease Management,Rainfed,Medium Black Soil,Marathwada Zone
2023,IND050,Jalna,Marathwada Dryland Research Station,Maharashtra,19.8347,75.8816,705,31.4,0.78,0.23,22.8,89,Very High,1.04,Pusa 256,Bio-control,Rainfed,Medium Black Soil,Marathwada Zone
2024,IND050,Jalna,Marathwada Dryland Research Station,Maharashtra,19.8347,75.8816,705,31.2,0.7,0.28,18.8,75,High,1.32,Pusa 372,Bio-control,Rainfed,Medium Black Soil,Marathwada Zone
2025,IND050,Jalna,Marathwada Dryland Research Station,Maharashtra,19.8347,75.8816,690,31.6,0.8,0.22,23.5,92,Very High,1,JG 11,Climate-smart Agriculture,Protective Irrigation,Vertisol,Marathwada Zone
2015,IND051,Nagpur,Dr Panjabrao Deshmukh Krishi Vidyapeeth,Maharashtra,21.1458,79.0882,1060,28.4,0.6,0.34,15,54,High,1.42,JG 14,Integrated Disease Management,Rainfed,Black Cotton Soil,Central Vidarbha
2016,IND051,Nagpur,Dr Panjabrao Deshmukh Krishi Vidyapeeth,Maharashtra,21.1458,79.0882,1045,28.6,0.62,0.33,15.8,57,High,1.38,Pusa 256,Bio-control,Rainfed,Black Cotton Soil,Central Vidarbha
2017,IND051,Nagpur,Dr Panjabrao Deshmukh Krishi Vidyapeeth,Maharashtra,21.1458,79.0882,1030,28.8,0.64,0.32,16.5,59,High,1.34,JG 11,Climate-smart Agriculture,Protective Irrigation,Vertisol,Central Vidarbha
2018,IND051,Nagpur,Dr Panjabrao Deshmukh Krishi Vidyapeeth,Maharashtra,21.1458,79.0882,1015,29,0.66,0.31,17.2,62,High,1.3,KAK 2,Microbial Consortium,Rainfed,Vertisol,Central Vidarbha
2019,IND051,Nagpur,Dr Panjabrao Deshmukh Krishi Vidyapeeth,Maharashtra,21.1458,79.0882,1000,29.2,0.68,0.3,18,65,High,1.26,JG 14,Precision Farming,Rainfed,Black Cotton Soil,Central Vidarbha
2020,IND051,Nagpur,Dr Panjabrao Deshmukh Krishi Vidyapeeth,Maharashtra,21.1458,79.0882,985,29.4,0.7,0.29,18.8,68,High,1.22,BG 372,AI Advisory,Supplemental Irrigation,Black Cotton Soil,Central Vidarbha
2021,IND051,Nagpur,Dr Panjabrao Deshmukh Krishi Vidyapeeth,Maharashtra,21.1458,79.0882,1180,29.2,0.58,0.35,15.2,60,High,1.46,JG 14,Integrated Disease Management,Rainfed,Deep Black Soil,Eastern Vidarbha Zone
2022,IND051,Nagpur,Dr Panjabrao Deshmukh Krishi Vidyapeeth,Maharashtra,21.1458,79.0882,1040,29.8,0.56,0.36,15,60,High,1.56,JG 11,Integrated Disease Management,Rainfed,Black Cotton Soil,Vidarbha Zone
2023,IND051,Nagpur,Dr Panjabrao Deshmukh Krishi Vidyapeeth,Maharashtra,21.1458,79.0882,1165,29.4,0.6,0.34,16,63,High,1.42,Pusa 256,Bio-control,Rainfed,Deep Black Soil,Eastern Vidarbha Zone
2024,IND051,Nagpur,Dr Panjabrao Deshmukh Krishi Vidyapeeth,Maharashtra,21.1458,79.0882,1025,30,0.58,0.35,15.8,63,High,1.52,Pusa 372,Bio-control,Rainfed,Black Cotton Soil,Vidarbha Zone
2025,IND051,Nagpur,Dr Panjabrao Deshmukh Krishi Vidyapeeth,Maharashtra,21.1458,79.0882,1150,29.6,0.62,0.33,16.8,66,High,1.38,JG 11,Climate-smart Agriculture,Protective Irrigation,Clay Loam,Eastern Vidarbha Zone
2015,IND052,Parbhani,College of Agriculture Marathwada Krishi Vidyapeeth,Maharashtra,19.27,76.78,810,29.8,0.76,0.24,24.8,89,Very High,0.98,JG 11,Integrated Disease Management,Rainfed,Black Cotton Soil,Central Maharashtra Plateau
2016,IND052,Parbhani,College of Agriculture Marathwada Krishi Vidyapeeth,Maharashtra,19.27,76.78,800,30,0.78,0.23,25.5,92,Very High,0.94,Pusa 372,Bio-control,Rainfed,Black Cotton Soil,Central Maharashtra Plateau
2017,IND052,Parbhani,College of Agriculture Marathwada Krishi Vidyapeeth,Maharashtra,19.27,76.78,790,30.2,0.8,0.22,26.3,95,Very High,0.9,JG 14,Climate-smart Agriculture,Protective Irrigation,Vertisol,Central Maharashtra Plateau
2018,IND052,Parbhani,College of Agriculture Marathwada Krishi Vidyapeeth,Maharashtra,19.27,76.78,780,30.4,0.82,0.21,27,97,Very High,0.86,KAK 2,Microbial Consortium,Rainfed,Vertisol,Central Maharashtra Plateau
2019,IND052,Parbhani,College of Agriculture Marathwada Krishi Vidyapeeth,Maharashtra,19.27,76.78,770,30.6,0.84,0.2,27.8,99,Very High,0.82,JG 11,Precision Farming,Rainfed,Black Cotton Soil,Central Maharashtra Plateau
2020,IND052,Parbhani,College of Agriculture Marathwada Krishi Vidyapeeth,Maharashtra,19.27,76.78,760,30.8,0.86,0.19,28.5,99,Very High,0.78,BG 372,AI Advisory,Supplemental Irrigation,Black Cotton Soil,Central Maharashtra Plateau
2021,IND052,Parbhani,College of Agriculture Marathwada Krishi Vidyapeeth,Maharashtra,19.2608,76.7748,710,31.4,0.78,0.23,23,90,Very High,1.02,JG 11,Integrated Disease Management,Rainfed,Black Cotton Soil,Marathwada Zone
2022,IND052,Parbhani,College of Agriculture Marathwada Krishi Vidyapeeth,Maharashtra,19.2608,76.7748,760,30.8,0.64,0.32,17,68,High,1.4,JG 14,Integrated Disease Management,Rainfed,Medium Black Soil,Marathwada Zone
2023,IND052,Parbhani,College of Agriculture Marathwada Krishi Vidyapeeth,Maharashtra,19.2608,76.7748,695,31.6,0.8,0.22,23.8,93,Very High,0.98,Pusa 372,Bio-control,Rainfed,Black Cotton Soil,Marathwada Zone
2024,IND052,Parbhani,College of Agriculture Marathwada Krishi Vidyapeeth,Maharashtra,19.2608,76.7748,745,31,0.66,0.31,17.8,71,High,1.36,Pusa 256,Bio-control,Rainfed,Medium Black Soil,Marathwada Zone
2025,IND052,Parbhani,College of Agriculture Marathwada Krishi Vidyapeeth,Maharashtra,19.2608,76.7748,680,31.8,0.82,0.21,24.5,96,Very High,0.94,JG 14,Climate-smart Agriculture,Protective Irrigation,Vertisol,Marathwada Zone
2015,IND053,Parbhani,Vasantrao Naik Marathwada Krishi Vidyapeeth,Maharashtra,19.2649,76.7712,805,29.7,0.75,0.25,24,86,Very High,1.02,JG 14,Integrated Disease Management,Rainfed,Black Cotton Soil,Central Maharashtra Plateau
2016,IND053,Parbhani,Vasantrao Naik Marathwada Krishi Vidyapeeth,Maharashtra,19.2649,76.7712,795,29.9,0.77,0.24,24.8,89,Very High,0.98,Pusa 256,Bio-control,Rainfed,Black Cotton Soil,Central Maharashtra Plateau
2017,IND053,Parbhani,Vasantrao Naik Marathwada Krishi Vidyapeeth,Maharashtra,19.2649,76.7712,785,30.1,0.79,0.23,25.5,92,Very High,0.94,JG 11,Climate-smart Agriculture,Protective Irrigation,Vertisol,Central Maharashtra Plateau
2018,IND053,Parbhani,Vasantrao Naik Marathwada Krishi Vidyapeeth,Maharashtra,19.2649,76.7712,775,30.3,0.81,0.22,26.3,95,Very High,0.9,KAK 2,Microbial Consortium,Rainfed,Vertisol,Central Maharashtra Plateau
2019,IND053,Parbhani,Vasantrao Naik Marathwada Krishi Vidyapeeth,Maharashtra,19.2649,76.7712,765,30.5,0.83,0.21,27,97,Very High,0.86,JG 14,Precision Farming,Rainfed,Black Cotton Soil,Central Maharashtra Plateau
2020,IND053,Parbhani,Vasantrao Naik Marathwada Krishi Vidyapeeth,Maharashtra,19.2649,76.7712,755,30.7,0.85,0.2,27.8,99,Very High,0.82,BG 372,AI Advisory,Supplemental Irrigation,Black Cotton Soil,Central Maharashtra Plateau
2021,IND053,Parbhani,Vasantrao Naik Marathwada Krishi Vidyapeeth,Maharashtra,19.2661,76.7812,705,31.3,0.77,0.24,22.5,88,Very High,1.04,JG 14,Integrated Disease Management,Rainfed,Deep Black Soil,Marathwada Zone
2022,IND053,Parbhani,Vasantrao Naik Marathwada Krishi Vidyapeeth,Maharashtra,19.2661,76.781,750,31,0.66,0.31,17.5,70,High,1.38,JG 11,Integrated Disease Management,Rainfed,Medium Black Soil,Marathwada Zone
2023,IND053,Parbhani,Vasantrao Naik Marathwada Krishi Vidyapeeth,Maharashtra,19.2661,76.7812,690,31.5,0.79,0.23,23.2,91,Very High,1,Pusa 256,Bio-control,Rainfed,Deep Black Soil,Marathwada Zone
2024,IND053,Parbhani,Vasantrao Naik Marathwada Krishi Vidyapeeth,Maharashtra,19.2661,76.781,735,31.2,0.68,0.3,18.2,73,High,1.34,Pusa 372,Bio-control,Rainfed,Medium Black Soil,Marathwada Zone
2025,IND053,Parbhani,Vasantrao Naik Marathwada Krishi Vidyapeeth,Maharashtra,19.2661,76.7812,675,31.7,0.81,0.22,24,94,Very High,0.96,JG 11,Climate-smart Agriculture,Protective Irrigation,Vertisol,Marathwada Zone
2015,IND054,Pune,Indian Institute for Science Education and Research,Maharashtra,18.5204,73.8567,720,28.6,0.68,0.29,18.8,68,High,1.28,JG 11,Integrated Disease Management,Rainfed,Loamy Soil,Western Maharashtra Plateau
2016,IND054,Pune,Indian Institute for Science Education and Research,Maharashtra,18.5204,73.8567,710,28.8,0.7,0.28,19.5,70,High,1.24,Pusa 372,Bio-control,Rainfed,Loamy Soil,Western Maharashtra Plateau
2017,IND054,Pune,Indian Institute for Science Education and Research,Maharashtra,18.5204,73.8567,700,29,0.72,0.27,20.3,73,High,1.2,JG 14,Climate-smart Agriculture,Protective Irrigation,Vertisol,Western Maharashtra Plateau
2018,IND054,Pune,Indian Institute for Science Education and Research,Maharashtra,18.5204,73.8567,690,29.2,0.74,0.26,21,76,High,1.16,KAK 2,Microbial Consortium,Rainfed,Vertisol,Western Maharashtra Plateau
2019,IND054,Pune,Indian Institute for Science Education and Research,Maharashtra,18.5204,73.8567,680,29.4,0.76,0.25,21.8,78,High,1.12,JG 11,Precision Farming,Rainfed,Loamy Soil,Western Maharashtra Plateau
2020,IND054,Pune,Indian Institute for Science Education and Research,Maharashtra,18.5204,73.8567,670,29.6,0.78,0.24,22.5,81,Very High,1.08,BG 372,AI Advisory,Supplemental Irrigation,Loamy Soil,Western Maharashtra Plateau
2021,IND054,Pune,Indian Institute for Science Education and Research,Maharashtra,18.5204,73.8567,780,28.6,0.56,0.37,13.5,54,High,1.58,JG 11,Integrated Disease Management,Rainfed,Clay Loam,Western Maharashtra Plain
2022,IND054,Pune,Indian Institute for Science Education and Research,Maharashtra,18.5204,73.8567,720,29.2,0.54,0.38,13.8,55,High,1.6,JG 14,Integrated Disease Management,Supplemental Irrigation,Red Loam,Western Maharashtra Plain
2023,IND054,Pune,Indian Institute for Science Education and Research,Maharashtra,18.5204,73.8567,765,28.8,0.58,0.36,14.2,57,High,1.54,Pusa 372,Bio-control,Rainfed,Clay Loam,Western Maharashtra Plain
2024,IND054,Pune,Indian Institute for Science Education and Research,Maharashtra,18.5204,73.8567,705,29.4,0.56,0.37,14.5,58,High,1.56,Pusa 256,Bio-control,Supplemental Irrigation,Red Loam,Western Maharashtra Plain
2025,IND054,Pune,Indian Institute for Science Education and Research,Maharashtra,18.5204,73.8567,750,29,0.6,0.35,15,60,High,1.5,JG 14,Climate-smart Agriculture,Protective Irrigation,Sandy Clay Loam,Western Maharashtra Plain
2015,IND055,Rahuri,Mahatma Phule Krishi Vidyapeeth,Maharashtra,19.3908,74.648,560,30.1,0.82,0.21,27.5,99,Very High,0.86,JG 14,Integrated Disease Management,Rainfed,Black Cotton Soil,Rain Shadow Zone
2016,IND055,Rahuri,Mahatma Phule Krishi Vidyapeeth,Maharashtra,19.3908,74.648,550,30.3,0.84,0.2,28.2,99,Very High,0.82,Pusa 256,Bio-control,Rainfed,Black Cotton Soil,Rain Shadow Zone
2017,IND055,Rahuri,Mahatma Phule Krishi Vidyapeeth,Maharashtra,19.3908,74.648,540,30.5,0.86,0.19,29,99,Very High,0.78,JG 11,Climate-smart Agriculture,Protective Irrigation,Vertisol,Rain Shadow Zone
2018,IND055,Rahuri,Mahatma Phule Krishi Vidyapeeth,Maharashtra,19.3908,74.648,530,30.7,0.88,0.18,29.8,99,Very High,0.74,KAK 2,Microbial Consortium,Rainfed,Vertisol,Rain Shadow Zone
2019,IND055,Rahuri,Mahatma Phule Krishi Vidyapeeth,Maharashtra,19.3908,74.648,520,30.9,0.9,0.17,30.5,99,Very High,0.7,JG 14,Precision Farming,Rainfed,Black Cotton Soil,Rain Shadow Zone
2020,IND055,Rahuri,Mahatma Phule Krishi Vidyapeeth,Maharashtra,19.3908,74.648,510,31.1,0.92,0.16,31.2,99,Very High,0.66,BG 372,AI Advisory,Supplemental Irrigation,Black Cotton Soil,Rain Shadow Zone
2021,IND055,Rahuri,Mahatma Phule Krishi Vidyapeeth,Maharashtra,19.3908,74.648,610,30.8,0.74,0.25,21,84,Very High,1.12,JG 14,Integrated Disease Management,Rainfed,Medium Black Soil,Scarcity Zone
2022,IND055,Rahuri,Mahatma Phule Krishi Vidyapeeth,Maharashtra,19.3908,74.648,640,30.8,0.68,0.29,18.2,73,High,1.34,JG 11,Integrated Disease Management,Rainfed,Deep Black Soil,Scarcity Zone
2023,IND055,Rahuri,Mahatma Phule Krishi Vidyapeeth,Maharashtra,19.3908,74.648,595,31,0.76,0.24,21.8,87,Very High,1.08,Pusa 256,Bio-control,Rainfed,Medium Black Soil,Scarcity Zone
2024,IND055,Rahuri,Mahatma Phule Krishi Vidyapeeth,Maharashtra,19.3908,74.648,625,31,0.7,0.28,19,76,High,1.3,Pusa 372,Bio-control,Rainfed,Deep Black Soil,Scarcity Zone
2025,IND055,Rahuri,Mahatma Phule Krishi Vidyapeeth,Maharashtra,19.3908,74.648,580,31.2,0.78,0.23,22.5,90,Very High,1.04,JG 11,Climate-smart Agriculture,Protective Irrigation,Vertisol,Scarcity Zone
2015,IND056,Yavatmal,Vidarbha Rainfed Agriculture Center,Maharashtra,20.3899,78.1307,930,28.8,0.66,0.3,20,72,High,1.24,JG 11,Integrated Disease Management,Rainfed,Black Cotton Soil,Central Vidarbha Zone
2016,IND056,Yavatmal,Vidarbha Rainfed Agriculture Center,Maharashtra,20.3899,78.1307,920,29,0.68,0.29,20.8,75,High,1.2,Pusa 372,Bio-control,Rainfed,Black Cotton Soil,Central Vidarbha Zone
2017,IND056,Yavatmal,Vidarbha Rainfed Agriculture Center,Maharashtra,20.3899,78.1307,910,29.2,0.7,0.28,21.5,77,High,1.16,JG 14,Climate-smart Agriculture,Protective Irrigation,Vertisol,Central Vidarbha Zone
2018,IND056,Yavatmal,Vidarbha Rainfed Agriculture Center,Maharashtra,20.3899,78.1307,900,29.4,0.72,0.27,22.2,80,Very High,1.12,KAK 2,Microbial Consortium,Rainfed,Vertisol,Central Vidarbha Zone
2019,IND056,Yavatmal,Vidarbha Rainfed Agriculture Center,Maharashtra,20.3899,78.1307,890,29.6,0.74,0.26,23,83,Very High,1.08,JG 11,Precision Farming,Rainfed,Black Cotton Soil,Central Vidarbha Zone
2020,IND056,Yavatmal,Vidarbha Rainfed Agriculture Center,Maharashtra,20.3899,78.1307,880,29.8,0.76,0.25,23.8,86,Very High,1.04,BG 372,AI Advisory,Supplemental Irrigation,Black Cotton Soil,Central Vidarbha Zone
2021,IND056,Yavatmal,Vidarbha Rainfed Agriculture Center,Maharashtra,20.3899,78.1307,980,30,0.66,0.3,18,72,High,1.32,JG 11,Integrated Disease Management,Rainfed,Black Cotton Soil,Vidarbha Rainfed Zone
2022,IND056,Yavatmal,Vidarbha Rainfed Agriculture Center,Maharashtra,20.3899,78.1307,890,30.4,0.62,0.33,16.5,66,High,1.46,JG 14,Integrated Disease Management,Rainfed,Black Cotton Soil,Vidarbha Zone
2023,IND056,Yavatmal,Vidarbha Rainfed Agriculture Center,Maharashtra,20.3899,78.1307,965,30.2,0.68,0.29,18.8,75,High,1.28,Pusa 372,Bio-control,Rainfed,Black Cotton Soil,Vidarbha Rainfed Zone
2024,IND056,Yavatmal,Vidarbha Rainfed Agriculture Center,Maharashtra,20.3899,78.1307,875,30.6,0.64,0.32,17.2,69,High,1.42,Pusa 256,Bio-control,Rainfed,Black Cotton Soil,Vidarbha Zone
2025,IND056,Yavatmal,Vidarbha Rainfed Agriculture Center,Maharashtra,20.3899,78.1307,950,30.4,0.7,0.28,19.5,78,High,1.24,JG 14,Climate-smart Agriculture,Protective Irrigation,Vertisol,Vidarbha Rainfed Zone
2015,IND057,Umiam,ICAR Research Complex for NEH Region,Meghalaya,25.6638,91.895,2450,21.5,0.28,0.58,4.5,16,Low,2.1,Pusa 372,Integrated Disease Management,Rainfed,Lateritic Soil,Humid Hill Zone
2016,IND057,Umiam,ICAR Research Complex for NEH Region,Meghalaya,25.6638,91.895,2430,21.7,0.3,0.57,5,18,Low,2.06,JG 11,Bio-control,Rainfed,Lateritic Soil,Humid Hill Zone
2017,IND057,Umiam,ICAR Research Complex for NEH Region,Meghalaya,25.6638,91.895,2410,21.9,0.32,0.56,5.5,20,Low,2.02,JG 14,Climate-smart Agriculture,Protective Irrigation,Loamy Soil,Humid Hill Zone
2018,IND057,Umiam,ICAR Research Complex for NEH Region,Meghalaya,25.6638,91.895,2390,22.1,0.34,0.55,6,22,Low,1.98,KAK 2,Microbial Consortium,Rainfed,Loamy Soil,Humid Hill Zone
2019,IND057,Umiam,ICAR Research Complex for NEH Region,Meghalaya,25.6638,91.895,2370,22.3,0.36,0.54,6.5,24,Low,1.94,JG 11,Precision Farming,Rainfed,Lateritic Soil,Humid Hill Zone
2020,IND057,Umiam,ICAR Research Complex for NEH Region,Meghalaya,25.6638,91.895,2350,22.5,0.38,0.53,7,26,Moderate,1.9,BG 372,AI Advisory,Supplemental Irrigation,Lateritic Soil,Humid Hill Zone
2021,IND057,Umiam,ICAR Research Complex for NEH Region,Meghalaya,25.6638,91.895,2450,22.6,0.24,0.68,3.5,14,Low,2.22,JG 14,Integrated Disease Management,Rainfed,Acidic Red Soil,North Eastern Hill Zone
2022,IND057,Umiam,ICAR Research Complex for NEH Region,Meghalaya,25.6638,91.895,2450,22.4,0.2,0.68,3.8,15,Low,2.2,JG 11,Integrated Disease Management,Rainfed,Acidic Hill Soil,North Eastern Hill Region
2023,IND057,Umiam,ICAR Research Complex for NEH Region,Meghalaya,25.6638,91.895,2435,22.8,0.26,0.67,4,16,Low,2.18,Pusa 256,Bio-control,Rainfed,Acidic Red Soil,North Eastern Hill Zone
2024,IND057,Umiam,ICAR Research Complex for NEH Region,Meghalaya,25.6638,91.895,2435,22.6,0.22,0.67,4.2,17,Low,2.16,Pusa 372,Bio-control,Rainfed,Acidic Hill Soil,North Eastern Hill Region
2025,IND057,Umiam,ICAR Research Complex for NEH Region,Meghalaya,25.6638,91.895,2420,23,0.28,0.66,4.5,18,Low,2.14,JG 11,Climate-smart Agriculture,Protective Irrigation,Mountain Loam,North Eastern Hill Zone
2015,IND058,Bhubaneswar,Odisha University of Agriculture and Technology,Odisha,20.2961,85.8245,1450,27.2,0.42,0.46,8.5,32,Low,1.88,JG 11,Integrated Disease Management,Rainfed,Coastal Alluvial Soil,Eastern Coastal Plain
2016,IND058,Bhubaneswar,Odisha University of Agriculture and Technology,Odisha,20.2961,85.8245,1435,27.4,0.44,0.45,9,34,Low,1.84,Pusa 372,Bio-control,Rainfed,Coastal Alluvial Soil,Eastern Coastal Plain
2017,IND058,Bhubaneswar,Odisha University of Agriculture and Technology,Odisha,20.2961,85.8245,1420,27.6,0.46,0.44,9.5,36,Moderate,1.8,JG 14,Climate-smart Agriculture,Protective Irrigation,Loamy Soil,Eastern Coastal Plain
2018,IND058,Bhubaneswar,Odisha University of Agriculture and Technology,Odisha,20.2961,85.8245,1405,27.8,0.48,0.43,10,38,Moderate,1.76,KAK 2,Microbial Consortium,Rainfed,Loamy Soil,Eastern Coastal Plain
2019,IND058,Bhubaneswar,Odisha University of Agriculture and Technology,Odisha,20.2961,85.8245,1390,28,0.5,0.42,10.5,40,Moderate,1.72,JG 11,Precision Farming,Rainfed,Coastal Alluvial Soil,Eastern Coastal Plain
2020,IND058,Bhubaneswar,Odisha University of Agriculture and Technology,Odisha,20.2961,85.8245,1375,28.2,0.52,0.41,11,42,Moderate,1.68,BG 372,AI Advisory,Supplemental Irrigation,Coastal Alluvial Soil,Eastern Coastal Plain
2021,IND058,Bhubaneswar,Odisha University of Agriculture and Technology,Odisha,20.2961,85.8245,1420,29,0.46,0.42,11.5,46,Moderate,1.72,JG 11,Integrated Disease Management,Rainfed,Coastal Alluvial Soil,Eastern Coastal Plain
2022,IND058,Bhubaneswar,Odisha University of Agriculture and Technology,Odisha,20.2961,85.8245,1420,29,0.42,0.44,10.8,43,Moderate,1.8,JG 14,Integrated Disease Management,Rainfed,Coastal Alluvial Soil,Eastern Coastal Plain
2023,IND058,Bhubaneswar,Odisha University of Agriculture and Technology,Odisha,20.2961,85.8245,1405,29.2,0.48,0.41,12.2,49,Moderate,1.68,Pusa 372,Bio-control,Rainfed,Coastal Alluvial Soil,Eastern Coastal Plain
2024,IND058,Bhubaneswar,Odisha University of Agriculture and Technology,Odisha,20.2961,85.8245,1405,29.2,0.44,0.43,11.5,46,Moderate,1.76,Pusa 256,Bio-control,Rainfed,Coastal Alluvial Soil,Eastern Coastal Plain
2025,IND058,Bhubaneswar,Odisha University of Agriculture and Technology,Odisha,20.2961,85.8245,1390,29.4,0.5,0.4,13,52,Moderate,1.64,JG 14,Climate-smart Agriculture,Protective Irrigation,Clay Loam,Eastern Coastal Plain
2015,IND059,Sambalpur,Regional Research and Technology Transfer Station,Odisha,21.4669,83.9812,1280,28.1,0.5,0.39,12,45,Moderate,1.64,JG 14,Integrated Disease Management,Rainfed,Red Sandy Loam,Western Odisha Upland
2016,IND059,Sambalpur,Regional Research and Technology Transfer Station,Odisha,21.4669,83.9812,1265,28.3,0.52,0.38,12.6,47,Moderate,1.6,Pusa 256,Bio-control,Rainfed,Red Sandy Loam,Western Odisha Upland
2017,IND059,Sambalpur,Regional Research and Technology Transfer Station,Odisha,21.4669,83.9812,1250,28.5,0.54,0.37,13.2,50,Moderate,1.56,JG 11,Climate-smart Agriculture,Protective Irrigation,Loamy Soil,Western Odisha Upland
2018,IND059,Sambalpur,Regional Research and Technology Transfer Station,Odisha,21.4669,83.9812,1235,28.7,0.56,0.36,13.8,52,Moderate,1.52,KAK 2,Microbial Consortium,Rainfed,Loamy Soil,Western Odisha Upland
2019,IND059,Sambalpur,Regional Research and Technology Transfer Station,Odisha,21.4669,83.9812,1220,28.9,0.58,0.35,14.5,55,High,1.48,JG 14,Precision Farming,Rainfed,Red Sandy Loam,Western Odisha Upland
2020,IND059,Sambalpur,Regional Research and Technology Transfer Station,Odisha,21.4669,83.9812,1205,29.1,0.6,0.34,15,58,High,1.44,BG 372,AI Advisory,Supplemental Irrigation,Red Sandy Loam,Western Odisha Upland
2021,IND059,Sambalpur,Regional Research and Technology Transfer Station,Odisha,21.4704,83.9701,1280,29.6,0.54,0.38,13.8,55,High,1.6,JG 14,Integrated Disease Management,Rainfed,Red Loam,Western Odisha Zone
2022,IND059,Sambalpur,Regional Research and Technology Transfer Station,Odisha,21.4669,83.9812,1280,29.6,0.5,0.4,12.5,50,Moderate,1.72,JG 11,Integrated Disease Management,Rainfed,Red and Yellow Soil,Western Undulating Zone
2023,IND059,Sambalpur,Regional Research and Technology Transfer Station,Odisha,21.4704,83.9701,1265,29.8,0.56,0.37,14.5,58,High,1.56,Pusa 256,Bio-control,Rainfed,Red Loam,Western Odisha Zone
2024,IND059,Sambalpur,Regional Research and Technology Transfer Station,Odisha,21.4669,83.9812,1265,29.8,0.52,0.39,13.2,53,Moderate,1.68,Pusa 372,Bio-control,Rainfed,Red and Yellow Soil,Western Undulating Zone
2025,IND059,Sambalpur,Regional Research and Technology Transfer Station,Odisha,21.4704,83.9701,1250,30,0.58,0.36,15.2,61,High,1.52,JG 11,Climate-smart Agriculture,Protective Irrigation,Clay Loam,Western Odisha Zone
2015,IND060,Bathinda,Guru Kashi University Talwandi Sabo,Punjab,30.2661,74.995,520,30.4,0.76,0.23,22.5,80,Very High,1.12,JG 11,Integrated Disease Management,Supplemental Irrigation,Alluvial Soil,Southwestern Punjab Plain
2016,IND060,Bathinda,Guru Kashi University Talwandi Sabo,Punjab,30.2661,74.995,510,30.6,0.78,0.22,23.2,83,Very High,1.08,Pusa 372,Bio-control,Supplemental Irrigation,Alluvial Soil,Southwestern Punjab Plain
2017,IND060,Bathinda,Guru Kashi University Talwandi Sabo,Punjab,30.2661,74.995,500,30.8,0.8,0.21,24,86,Very High,1.04,JG 14,Climate-smart Agriculture,Protective Irrigation,Loamy Soil,Southwestern Punjab Plain
2018,IND060,Bathinda,Guru Kashi University Talwandi Sabo,Punjab,30.2661,74.995,490,31,0.82,0.2,24.8,89,Very High,1,KAK 2,Microbial Consortium,Supplemental Irrigation,Loamy Soil,Southwestern Punjab Plain
2019,IND060,Bathinda,Guru Kashi University Talwandi Sabo,Punjab,30.2661,74.995,480,31.2,0.84,0.19,25.5,92,Very High,0.96,JG 11,Precision Farming,Supplemental Irrigation,Alluvial Soil,Southwestern Punjab Plain
2020,IND060,Bathinda,Guru Kashi University Talwandi Sabo,Punjab,30.2661,74.995,470,31.4,0.86,0.18,26.2,95,Very High,0.92,BG 372,AI Advisory,Drip Irrigation,Alluvial Soil,Southwestern Punjab Plain
2021,IND060,Bathinda,Guru Kashi University Talwandi Sabo,Punjab,30.2661,74.9956,420,30.8,0.7,0.28,18.8,75,High,1.3,JG 11,Integrated Disease Management,Canal Irrigation,Sandy Loam,Southwestern Punjab Plain
2022,IND060,Bathinda,Guru Kashi University Talwandi Sabo,Punjab,30.2661,74.9957,520,31.2,0.72,0.27,19.8,79,High,1.26,JG 14,Integrated Disease Management,Canal Irrigation,Sandy Loam,South Western Punjab Zone
2023,IND060,Bathinda,Guru Kashi University Talwandi Sabo,Punjab,30.2661,74.9956,405,31,0.72,0.27,19.5,78,High,1.26,Pusa 372,Bio-control,Canal Irrigation,Sandy Loam,Southwestern Punjab Plain
2024,IND060,Bathinda,Guru Kashi University Talwandi Sabo,Punjab,30.2661,74.9957,505,31.4,0.74,0.26,20.5,82,Very High,1.22,Pusa 256,Bio-control,Canal Irrigation,Sandy Loam,South Western Punjab Zone
2025,IND060,Bathinda,Guru Kashi University Talwandi Sabo,Punjab,30.2661,74.9956,390,31.2,0.74,0.26,20.2,81,Very High,1.22,JG 14,Climate-smart Agriculture,Protective Irrigation,Loamy Sand,Southwestern Punjab Plain
2015,IND061,Ludhiana,Punjab Agricultural University,Punjab,30.901,75.8573,710,28.5,0.58,0.35,14,54,High,1.58,JG 14,Integrated Disease Management,Supplemental Irrigation,Alluvial Soil,Central Punjab Plain
2016,IND061,Ludhiana,Punjab Agricultural University,Punjab,30.901,75.8573,700,28.7,0.6,0.34,14.6,56,High,1.54,Pusa 256,Bio-control,Supplemental Irrigation,Alluvial Soil,Central Punjab Plain
2017,IND061,Ludhiana,Punjab Agricultural University,Punjab,30.901,75.8573,690,28.9,0.62,0.33,15.2,59,High,1.5,JG 11,Climate-smart Agriculture,Protective Irrigation,Loamy Soil,Central Punjab Plain
2018,IND061,Ludhiana,Punjab Agricultural University,Punjab,30.901,75.8573,680,29.1,0.64,0.32,15.8,61,High,1.46,KAK 2,Microbial Consortium,Supplemental Irrigation,Loamy Soil,Central Punjab Plain
2019,IND061,Ludhiana,Punjab Agricultural University,Punjab,30.901,75.8573,710,24.5,0.22,0.74,6.4,32,Low,2.88,PBG 7,Integrated Disease Management,Canal Irrigation,Loamy Soil,Central Plain Zone
2020,IND061,Ludhiana,Punjab Agricultural University,Punjab,30.901,75.8573,670,29.3,0.66,0.31,16.5,64,High,1.42,JG 14,Precision Farming,Supplemental Irrigation,Alluvial Soil,Central Punjab Plain
2021,IND061,Ludhiana,Punjab Agricultural University,Punjab,30.901,75.8573,680,25.1,0.26,0.7,7.1,35,Low,2.74,PBG 5,Precision Farming,Drip-assisted,Sandy Loam,Central Plain Zone
2022,IND061,Ludhiana,Punjab Agricultural University,Punjab,30.901,75.8573,660,29.5,0.68,0.3,17.2,67,High,1.38,BG 372,AI Advisory,Drip Irrigation,Alluvial Soil,Central Punjab Plain
2023,IND061,Ludhiana,Punjab Agricultural University,Punjab,30.901,75.8573,640,26,0.31,0.66,8.3,41,Moderate,2.58,ICCV 10,Climate-smart Agriculture,Protective Irrigation,Alluvial Soil,Central Plain Zone
2024,IND061,Ludhiana,Punjab Agricultural University,Punjab,30.901,75.8573,690,28.8,0.52,0.4,12.2,49,Moderate,1.74,JG 14,Integrated Disease Management,Canal Irrigation,Alluvial Soil,Central Punjab Plain
2025,IND061,Ludhiana,Punjab Agricultural University,Punjab,30.901,75.8573,710,30,0.6,0.34,15.8,63,High,1.5,JG 11,Integrated Disease Management,Canal Irrigation,Alluvial Loam,Central Plain Zone
2015,IND062,Bikaner,College of Agriculture Rajasthan Agricultural University,Rajasthan,28.0229,73.3119,320,31.5,0.88,0.18,28.5,99,Very High,0.82,JG 11,Integrated Disease Management,Rainfed,Sandy Loam,Hot Arid Western Plain
2016,IND062,Bikaner,College of Agriculture Rajasthan Agricultural University,Rajasthan,28.0229,73.3119,315,31.7,0.89,0.17,29,99,Very High,0.78,Pusa 372,Bio-control,Rainfed,Sandy Loam,Hot Arid Western Plain
2017,IND062,Bikaner,College of Agriculture Rajasthan Agricultural University,Rajasthan,28.0229,73.3119,310,31.9,0.9,0.16,29.8,99,Very High,0.74,JG 14,Climate-smart Agriculture,Protective Irrigation,Desert Soil,Hot Arid Western Plain
2018,IND062,Bikaner,College of Agriculture Rajasthan Agricultural University,Rajasthan,28.0229,73.3119,305,32.1,0.91,0.15,30.5,99,Very High,0.7,KAK 2,Microbial Consortium,Rainfed,Desert Soil,Hot Arid Western Plain
2019,IND062,Bikaner,College of Agriculture Rajasthan Agricultural University,Rajasthan,28.0229,73.3119,300,32.3,0.92,0.14,31.2,99,Very High,0.66,JG 11,Precision Farming,Rainfed,Sandy Loam,Hot Arid Western Plain
2020,IND062,Bikaner,College of Agriculture Rajasthan Agricultural University,Rajasthan,28.0229,73.3119,295,32.5,0.93,0.13,32,99,Very High,0.62,BG 372,AI Advisory,Drip Irrigation,Sandy Loam,Hot Arid Western Plain
2021,IND062,Bikaner,College of Agriculture Rajasthan Agricultural University,Rajasthan,28.0229,73.3119,310,32.8,0.88,0.16,28.5,99,Very High,0.78,JG 11,Integrated Disease Management,Rainfed,Desert Sandy Soil,Hot Arid Western Plain
2022,IND062,Bikaner,College of Agriculture Rajasthan Agricultural University,Rajasthan,28.0229,73.3119,290,33.8,0.88,0.16,25.5,102,Very High,0.92,JG 11,Integrated Disease Management,Rainfed,Sandy Desert Soil,Western Dry Region
2023,IND062,Bikaner,College of Agriculture Rajasthan Agricultural University,Rajasthan,28.0229,73.3119,295,33,0.9,0.15,29.2,99,Very High,0.74,Pusa 372,Bio-control,Rainfed,Desert Sandy Soil,Hot Arid Western Plain
2024,IND062,Bikaner,College of Agriculture Rajasthan Agricultural University,Rajasthan,28.0229,73.3119,275,34,0.9,0.15,26.2,105,Very High,0.88,Pusa 256,Bio-control,Rainfed,Sandy Desert Soil,Western Dry Region
2025,IND062,Bikaner,College of Agriculture Rajasthan Agricultural University,Rajasthan,28.0229,73.3119,280,33.2,0.92,0.14,30,99,Very High,0.7,JG 14,Climate-smart Agriculture,Protective Irrigation,Loamy Sand,Hot Arid Western Plain
2015,IND063,Bikaner,Swami Keshwanand Rajasthan Agricultural University,Rajasthan,28.03,73.3,340,31.2,0.84,0.2,26.5,95,Very High,0.92,JG 14,Integrated Disease Management,Rainfed,Sandy Loam,Western Dry Zone
2016,IND063,Bikaner,Swami Keshwanand Rajasthan Agricultural University,Rajasthan,28.03,73.3,335,31.4,0.85,0.19,27.2,97,Very High,0.88,Pusa 256,Bio-control,Rainfed,Sandy Loam,Western Dry Zone
2017,IND063,Bikaner,Swami Keshwanand Rajasthan Agricultural University,Rajasthan,28.03,73.3,330,31.6,0.86,0.18,27.8,99,Very High,0.84,JG 11,Climate-smart Agriculture,Protective Irrigation,Desert Soil,Western Dry Zone
2018,IND063,Bikaner,Swami Keshwanand Rajasthan Agricultural University,Rajasthan,28.03,73.3,325,31.8,0.87,0.17,28.5,99,Very High,0.8,KAK 2,Microbial Consortium,Rainfed,Desert Soil,Western Dry Zone
2019,IND063,Bikaner,Swami Keshwanand Rajasthan Agricultural University,Rajasthan,28.03,73.3,320,32,0.88,0.16,29.2,99,Very High,0.76,JG 14,Precision Farming,Rainfed,Sandy Loam,Western Dry Zone
2020,IND063,Bikaner,Swami Keshwanand Rajasthan Agricultural University,Rajasthan,28.03,73.3,315,32.2,0.89,0.15,30,99,Very High,0.72,BG 372,AI Advisory,Drip Irrigation,Sandy Loam,Western Dry Zone
2021,IND063,Bikaner,Swami Keshwanand Rajasthan Agricultural University,Rajasthan,28.0159,73.3178,320,32.6,0.86,0.17,27.8,98,Very High,0.82,JG 14,Integrated Disease Management,Rainfed,Sandy Soil,Western Dry Region
2022,IND063,Bikaner,Swami Keshwanand Rajasthan Agricultural University,Rajasthan,28.03,73.3,310,33.5,0.84,0.18,24.2,97,Very High,0.98,JG 14,Integrated Disease Management,Rainfed,Sandy Loam,Hyper Arid Zone
2023,IND063,Bikaner,Swami Keshwanand Rajasthan Agricultural University,Rajasthan,28.0159,73.3178,305,32.8,0.88,0.16,28.5,99,Very High,0.78,Pusa 256,Bio-control,Rainfed,Sandy Soil,Western Dry Region
2024,IND063,Bikaner,Swami Keshwanand Rajasthan Agricultural University,Rajasthan,28.03,73.3,295,33.7,0.86,0.17,25,100,Very High,0.94,Pusa 372,Bio-control,Rainfed,Sandy Loam,Hyper Arid Zone
2025,IND063,Bikaner,Swami Keshwanand Rajasthan Agricultural University,Rajasthan,28.0159,73.3178,290,33,0.9,0.15,29.2,99,Very High,0.74,JG 11,Climate-smart Agriculture,Protective Irrigation,Loamy Sand,Western Dry Region
2015,IND064,Jaipur,Jagan Nath University Chaksu,Rajasthan,26.817,75.8236,620,29.8,0.72,0.27,20,72,High,1.24,JG 11,Integrated Disease Management,Rainfed,Loamy Soil,Eastern Rajasthan Plain
2016,IND064,Jaipur,Jagan Nath University Chaksu,Rajasthan,26.817,75.8236,610,30,0.74,0.26,20.8,75,High,1.2,Pusa 372,Bio-control,Rainfed,Loamy Soil,Eastern Rajasthan Plain
2017,IND064,Jaipur,Jagan Nath University Chaksu,Rajasthan,26.817,75.8236,600,30.2,0.76,0.25,21.5,77,High,1.16,JG 14,Climate-smart Agriculture,Protective Irrigation,Alluvial Soil,Eastern Rajasthan Plain
2018,IND064,Jaipur,Jagan Nath University Chaksu,Rajasthan,26.817,75.8236,590,30.4,0.78,0.24,22.2,80,Very High,1.12,KAK 2,Microbial Consortium,Rainfed,Alluvial Soil,Eastern Rajasthan Plain
2019,IND064,Jaipur,Jagan Nath University Chaksu,Rajasthan,26.817,75.8236,580,30.6,0.8,0.23,23,83,Very High,1.08,JG 11,Precision Farming,Rainfed,Loamy Soil,Eastern Rajasthan Plain
2020,IND064,Jaipur,Jagan Nath University Chaksu,Rajasthan,26.817,75.8236,570,30.8,0.82,0.22,23.8,86,Very High,1.04,BG 372,AI Advisory,Supplemental Irrigation,Loamy Soil,Eastern Rajasthan Plain
2021,IND064,Jaipur,Jagan Nath University Chaksu,Rajasthan,26.8173,75.8235,540,31.2,0.72,0.26,19.5,78,High,1.24,JG 11,Integrated Disease Management,Rainfed,Alluvial Soil,East Rajasthan Plain
2022,IND064,Jaipur,Jagan Nath University Chaksu,Rajasthan,26.817,75.8267,540,31.8,0.7,0.28,19,76,High,1.28,JG 11,Integrated Disease Management,Rainfed,Sandy Loam,Semi-Arid Eastern Plain
2023,IND064,Jaipur,Jagan Nath University Chaksu,Rajasthan,26.8173,75.8235,525,31.4,0.74,0.25,20.2,81,Very High,1.2,Pusa 372,Bio-control,Rainfed,Alluvial Soil,East Rajasthan Plain
2024,IND064,Jaipur,Jagan Nath University Chaksu,Rajasthan,26.817,75.8267,525,32,0.72,0.27,19.8,79,High,1.24,Pusa 256,Bio-control,Rainfed,Sandy Loam,Semi-Arid Eastern Plain
2025,IND064,Jaipur,Jagan Nath University Chaksu,Rajasthan,26.8173,75.8235,510,31.6,0.76,0.24,21,84,Very High,1.16,JG 14,Climate-smart Agriculture,Protective Irrigation,Clay Loam,East Rajasthan Plain
2015,IND065,Jaipur,Rajasthan Agricultural Research Institute,Rajasthan,26.9124,75.7873,640,29.4,0.68,0.29,18,66,High,1.32,JG 14,Integrated Disease Management,Rainfed,Alluvial Soil,Transitional Plain
2016,IND065,Jaipur,Rajasthan Agricultural Research Institute,Rajasthan,26.9124,75.7873,630,29.6,0.7,0.28,18.8,69,High,1.28,Pusa 256,Bio-control,Rainfed,Alluvial Soil,Transitional Plain
2017,IND065,Jaipur,Rajasthan Agricultural Research Institute,Rajasthan,26.9124,75.7873,620,29.8,0.72,0.27,19.5,71,High,1.24,JG 11,Climate-smart Agriculture,Protective Irrigation,Loamy Soil,Transitional Plain
2018,IND065,Jaipur,Rajasthan Agricultural Research Institute,Rajasthan,26.9124,75.7873,610,30,0.74,0.26,20.2,74,High,1.2,KAK 2,Microbial Consortium,Rainfed,Loamy Soil,Transitional Plain
2019,IND065,Jaipur,Rajasthan Agricultural Research Institute,Rajasthan,26.9124,75.7873,600,30.2,0.76,0.25,21,77,High,1.16,JG 14,Precision Farming,Rainfed,Alluvial Soil,Transitional Plain
2020,IND065,Jaipur,Rajasthan Agricultural Research Institute,Rajasthan,26.9124,75.7873,590,30.4,0.78,0.24,21.8,80,Very High,1.12,BG 372,AI Advisory,Supplemental Irrigation,Alluvial Soil,Transitional Plain
2021,IND065,Jaipur,Rajasthan Agricultural Research Institute,Rajasthan,26.9124,75.7873,560,30.9,0.68,0.28,18.2,73,High,1.3,JG 14,Integrated Disease Management,Rainfed,Loamy Sand,Semi-Arid Eastern Plain
2022,IND065,Jaipur,Rajasthan Agricultural Research Institute,Rajasthan,26.9124,75.7873,560,31.4,0.66,0.3,18.2,73,High,1.34,JG 14,Integrated Disease Management,Rainfed,Alluvial Soil,Transitional Plain Zone
2023,IND065,Jaipur,Rajasthan Agricultural Research Institute,Rajasthan,26.9124,75.7873,545,31.1,0.7,0.27,19,76,High,1.26,Pusa 256,Bio-control,Rainfed,Loamy Sand,Semi-Arid Eastern Plain
2024,IND065,Jaipur,Rajasthan Agricultural Research Institute,Rajasthan,26.9124,75.7873,545,31.6,0.68,0.29,19,76,High,1.3,Pusa 372,Bio-control,Rainfed,Alluvial Soil,Transitional Plain Zone
2025,IND065,Jaipur,Rajasthan Agricultural Research Institute,Rajasthan,26.9124,75.7873,530,31.3,0.72,0.26,19.8,79,High,1.22,JG 11,Climate-smart Agriculture,Protective Irrigation,Clay Loam,Semi-Arid Eastern Plain
2015,IND066,Jobner,Shri Karan Narendra College of Agriculture,Rajasthan,26.9725,75.3872,540,30.2,0.78,0.24,22,79,High,1.1,JG 11,Integrated Disease Management,Rainfed,Sandy Loam,Jaipur Dry Plain
2016,IND066,Jobner,Shri Karan Narendra College of Agriculture,Rajasthan,26.9725,75.3872,530,30.4,0.8,0.23,22.8,82,Very High,1.06,Pusa 372,Bio-control,Rainfed,Sandy Loam,Jaipur Dry Plain
2017,IND066,Jobner,Shri Karan Narendra College of Agriculture,Rajasthan,26.9725,75.3872,520,30.6,0.82,0.22,23.5,85,Very High,1.02,JG 14,Climate-smart Agriculture,Protective Irrigation,Desert Soil,Jaipur Dry Plain
2018,IND066,Jobner,Shri Karan Narendra College of Agriculture,Rajasthan,26.9725,75.3872,510,30.8,0.84,0.21,24.2,88,Very High,0.98,KAK 2,Microbial Consortium,Rainfed,Desert Soil,Jaipur Dry Plain
2019,IND066,Jobner,Shri Karan Narendra College of Agriculture,Rajasthan,26.9725,75.3872,500,31,0.86,0.2,25,91,Very High,0.94,JG 11,Precision Farming,Rainfed,Sandy Loam,Jaipur Dry Plain
2020,IND066,Jobner,Shri Karan Narendra College of Agriculture,Rajasthan,26.9725,75.3872,490,31.2,0.88,0.19,25.8,94,Very High,0.9,BG 372,AI Advisory,Drip Irrigation,Sandy Loam,Jaipur Dry Plain
2021,IND066,Jobner,Shri Karan Narendra College of Agriculture,Rajasthan,26.9725,75.3872,490,31.5,0.76,0.24,21,84,Very High,1.16,JG 11,Integrated Disease Management,Rainfed,Sandy Loam,Transitional Plain of Inland Drainage
2022,IND066,Jobner,Shri Karan Narendra College of Agriculture,Rajasthan,26.9725,75.3872,480,32.2,0.74,0.26,20,80,Very High,1.22,JG 11,Integrated Disease Management,Rainfed,Sandy Loam,Semi-Arid Eastern Plain
2023,IND066,Jobner,Shri Karan Narendra College of Agriculture,Rajasthan,26.9725,75.3872,475,31.7,0.78,0.23,21.8,87,Very High,1.12,Pusa 372,Bio-control,Rainfed,Sandy Loam,Transitional Plain of Inland Drainage
2024,IND066,Jobner,Shri Karan Narendra College of Agriculture,Rajasthan,26.9725,75.3872,465,32.4,0.76,0.25,20.8,83,Very High,1.18,Pusa 372,Bio-control,Rainfed,Sandy Loam,Semi-Arid Eastern Plain
2025,IND066,Jobner,Shri Karan Narendra College of Agriculture,Rajasthan,26.9725,75.3872,460,31.9,0.8,0.22,22.5,90,Very High,1.08,JG 14,Climate-smart Agriculture,Protective Irrigation,Loamy Sand,Transitional Plain of Inland Drainage
2015,IND067,Jodhpur,ICAR Central Arid Zone Research Institute,Rajasthan,26.2389,73.0243,290,31.8,0.9,0.16,30,99,Very High,0.74,JG 14,Integrated Disease Management,Rainfed,Desert Soil,Hot Arid Eco-region
2016,IND067,Jodhpur,ICAR Central Arid Zone Research Institute,Rajasthan,26.2389,73.0243,285,32,0.91,0.15,30.8,99,Very High,0.7,Pusa 256,Bio-control,Rainfed,Desert Soil,Hot Arid Eco-region
2017,IND067,Jodhpur,ICAR Central Arid Zone Research Institute,Rajasthan,26.2389,73.0243,280,32.2,0.92,0.14,31.5,99,Very High,0.66,JG 11,Climate-smart Agriculture,Protective Irrigation,Sandy Soil,Hot Arid Eco-region
2018,IND067,Jodhpur,ICAR Central Arid Zone Research Institute,Rajasthan,26.2389,73.0243,275,32.4,0.93,0.13,32.2,99,Very High,0.62,KAK 2,Microbial Consortium,Rainfed,Sandy Soil,Hot Arid Eco-region
2019,IND067,Jodhpur,ICAR Central Arid Zone Research Institute,Rajasthan,26.2389,73.0243,270,32.6,0.94,0.12,33,99,Very High,0.58,JG 14,Precision Farming,Rainfed,Desert Soil,Hot Arid Eco-region
2020,IND067,Jodhpur,ICAR Central Arid Zone Research Institute,Rajasthan,26.2389,73.0243,265,32.8,0.95,0.11,33.8,99,Very High,0.54,BG 372,AI Advisory,Drip Irrigation,Desert Soil,Hot Arid Eco-region
2021,IND067,Jodhpur,ICAR Central Arid Zone Research Institute,Rajasthan,26.2389,73.0243,360,33,0.9,0.15,29,99,Very High,0.72,JG 14,Integrated Disease Management,Rainfed,Desert Soil,Hot Arid Eco-Region
2022,IND067,Jodhpur,ICAR Central Arid Zone Research Institute,Rajasthan,26.2389,73.0243,340,33.6,0.86,0.17,24.5,98,Very High,0.94,JG 14,Integrated Disease Management,Rainfed,Desert Sandy Soil,Western Arid Zone
2023,IND067,Jodhpur,ICAR Central Arid Zone Research Institute,Rajasthan,26.2389,73.0243,345,33.2,0.92,0.14,29.8,99,Very High,0.68,Pusa 256,Bio-control,Rainfed,Desert Soil,Hot Arid Eco-Region
2024,IND067,Jodhpur,ICAR Central Arid Zone Research Institute,Rajasthan,26.2389,73.0243,325,33.8,0.88,0.16,25.2,101,Very High,0.9,Pusa 256,Bio-control,Rainfed,Desert Sandy Soil,Western Arid Zone
2025,IND067,Jodhpur,ICAR Central Arid Zone Research Institute,Rajasthan,26.2389,73.0243,330,33.4,0.94,0.13,30.5,99,Very High,0.64,JG 11,Climate-smart Agriculture,Protective Irrigation,Loamy Sand,Hot Arid Eco-Region
2015,IND068,Kota,Agricultural Research Station Kota,Rajasthan,25.2138,75.8648,820,28.8,0.6,0.33,15,56,High,1.46,JG 11,Integrated Disease Management,Rainfed,Black Soil,Hadoti Plateau
2016,IND068,Kota,Agricultural Research Station Kota,Rajasthan,25.2138,75.8648,805,29,0.62,0.32,15.8,59,High,1.42,Pusa 372,Bio-control,Rainfed,Black Soil,Hadoti Plateau
2017,IND068,Kota,Agricultural Research Station Kota,Rajasthan,25.2138,75.8648,790,29.2,0.64,0.31,16.5,62,High,1.38,JG 14,Climate-smart Agriculture,Protective Irrigation,Vertisol,Hadoti Plateau
2018,IND068,Kota,Agricultural Research Station Kota,Rajasthan,25.2138,75.8648,775,29.4,0.66,0.3,17.2,65,High,1.34,KAK 2,Microbial Consortium,Rainfed,Vertisol,Hadoti Plateau
2019,IND068,Kota,Agricultural Research Station Kota,Rajasthan,25.2138,75.8648,760,29.6,0.68,0.29,18,68,High,1.3,JG 11,Precision Farming,Rainfed,Black Soil,Hadoti Plateau
2020,IND068,Kota,Agricultural Research Station Kota,Rajasthan,25.2138,75.8648,745,29.8,0.7,0.28,18.8,71,High,1.26,BG 372,AI Advisory,Supplemental Irrigation,Black Soil,Hadoti Plateau
2021,IND068,Kota,Agricultural Research Station Kota,Rajasthan,25.2138,75.8648,820,30.2,0.62,0.32,16.8,67,High,1.38,JG 11,Integrated Disease Management,Rainfed,Black Soil,Humid Southeastern Plain
2022,IND068,Kota,Agricultural Research Station Kota,Rajasthan,25.2138,75.8648,760,30.8,0.62,0.33,16.8,67,High,1.42,JG 11,Integrated Disease Management,Rainfed,Black Clay Soil,Humid South Eastern Plain
2023,IND068,Kota,Agricultural Research Station Kota,Rajasthan,25.2138,75.8648,805,30.4,0.64,0.31,17.5,70,High,1.34,Pusa 372,Bio-control,Rainfed,Black Soil,Humid Southeastern Plain
2024,IND068,Kota,Agricultural Research Station Kota,Rajasthan,25.2138,75.8648,745,31,0.64,0.32,17.5,70,High,1.38,Pusa 372,Bio-control,Rainfed,Black Clay Soil,Humid South Eastern Plain
2025,IND068,Kota,Agricultural Research Station Kota,Rajasthan,25.2138,75.8648,790,30.6,0.66,0.3,18.2,73,High,1.3,JG 14,Climate-smart Agriculture,Protective Irrigation,Clay Loam,Humid Southeastern Plain
2015,IND069,Nagaur,College of Agriculture AU Jodhpur,Rajasthan,27.202,73.733,360,31,0.84,0.2,26,93,Very High,0.96,JG 14,Integrated Disease Management,Rainfed,Sandy Loam,Western Rajasthan Plain
2016,IND069,Nagaur,College of Agriculture AU Jodhpur,Rajasthan,27.202,73.733,350,31.2,0.85,0.19,26.8,96,Very High,0.92,Pusa 256,Bio-control,Rainfed,Sandy Loam,Western Rajasthan Plain
2017,IND069,Nagaur,College of Agriculture AU Jodhpur,Rajasthan,27.202,73.733,340,31.4,0.86,0.18,27.5,99,Very High,0.88,JG 11,Climate-smart Agriculture,Protective Irrigation,Desert Soil,Western Rajasthan Plain
2018,IND069,Nagaur,College of Agriculture AU Jodhpur,Rajasthan,27.202,73.733,330,31.6,0.87,0.17,28.2,99,Very High,0.84,KAK 2,Microbial Consortium,Rainfed,Desert Soil,Western Rajasthan Plain
2019,IND069,Nagaur,College of Agriculture AU Jodhpur,Rajasthan,27.202,73.733,320,31.8,0.88,0.16,29,99,Very High,0.8,JG 14,Precision Farming,Rainfed,Sandy Loam,Western Rajasthan Plain
2020,IND069,Nagaur,College of Agriculture AU Jodhpur,Rajasthan,27.202,73.733,310,32,0.89,0.15,29.8,99,Very High,0.76,BG 372,AI Advisory,Drip Irrigation,Sandy Loam,Western Rajasthan Plain
2021,IND069,Nagaur,College of Agriculture AU Jodhpur,Rajasthan,27.202,73.7339,410,32.4,0.84,0.19,25,94,Very High,0.96,JG 14,Integrated Disease Management,Rainfed,Sandy Loam,Arid Western Plain
2022,IND069,Nagaur,College of Agriculture AU Jodhpur,Rajasthan,27.202,73.7333,410,32.8,0.8,0.22,22,88,Very High,1.08,JG 14,Integrated Disease Management,Rainfed,Sandy Loam,Arid Western Plain
2023,IND069,Nagaur,College of Agriculture AU Jodhpur,Rajasthan,27.202,73.7339,395,32.6,0.86,0.18,25.8,97,Very High,0.92,Pusa 256,Bio-control,Rainfed,Sandy Loam,Arid Western Plain
2024,IND069,Nagaur,College of Agriculture AU Jodhpur,Rajasthan,27.202,73.7333,395,33,0.82,0.21,22.8,91,Very High,1.04,Pusa 256,Bio-control,Rainfed,Sandy Loam,Arid Western Plain
2025,IND069,Nagaur,College of Agriculture AU Jodhpur,Rajasthan,27.202,73.7339,380,32.8,0.88,0.17,26.5,99,Very High,0.88,JG 11,Climate-smart Agriculture,Protective Irrigation,Loamy Sand,Arid Western Plain
2015,IND070,Coimbatore,TNAU Coimbatore,Tamil Nadu,11.0168,76.9558,620,29.4,0.66,0.31,14.5,54,High,1.52,JG 11,Integrated Disease Management,Supplemental Irrigation,Red Loam,Western Zone
2016,IND070,Coimbatore,TNAU Coimbatore,Tamil Nadu,11.0168,76.9558,610,29.6,0.68,0.3,15.2,57,High,1.48,Pusa 372,Bio-control,Supplemental Irrigation,Red Loam,Western Zone
2017,IND070,Coimbatore,TNAU Coimbatore,Tamil Nadu,11.0168,76.9558,600,29.8,0.7,0.29,16,60,High,1.44,JG 14,Climate-smart Agriculture,Drip Irrigation,Red Sandy Loam,Western Zone
2018,IND070,Coimbatore,TNAU Coimbatore,Tamil Nadu,11.0168,76.9558,590,30,0.72,0.28,16.8,63,High,1.4,KAK 2,Microbial Consortium,Drip Irrigation,Red Sandy Loam,Western Zone
2019,IND070,Coimbatore,TNAU Coimbatore,Tamil Nadu,11.0168,76.9558,650,28.3,0.49,0.47,17.8,76,High,1.76,ICCV 10,Integrated Disease Management,Drip-assisted,Red Loam,Southern Plateau Zone
2020,IND070,Coimbatore,TNAU Coimbatore,Tamil Nadu,11.0168,76.9558,580,30.2,0.74,0.27,17.5,66,High,1.36,JG 11,Precision Farming,Supplemental Irrigation,Red Loam,Western Zone
2021,IND070,Coimbatore,TNAU Coimbatore,Tamil Nadu,11.0168,76.9558,620,29.1,0.53,0.43,19.2,81,High,1.63,Asha,Precision Farming,Protective Irrigation,Red Sandy Loam,Southern Plateau Zone
2022,IND070,Coimbatore,TNAU Coimbatore,Tamil Nadu,11.0168,76.9558,570,30.4,0.76,0.26,18.2,69,High,1.32,BG 372,AI Advisory,Drip Irrigation,Red Loam,Western Zone
2023,IND070,Coimbatore,TNAU Coimbatore,Tamil Nadu,11.0168,76.9558,590,29.8,0.59,0.39,21.1,87,Very High,1.49,Pusa 256,Climate-smart Agriculture,Rainfed,Red Soil,Southern Plateau Zone
2024,IND070,Coimbatore,TNAU Coimbatore,Tamil Nadu,11.0168,76.9558,640,29.4,0.6,0.34,15,60,High,1.48,JG 11,Integrated Disease Management,Supplemental Irrigation,Red Loam,Western Zone
2025,IND070,Coimbatore,TNAU Coimbatore,Tamil Nadu,11.0168,76.9558,670,29.8,0.56,0.36,14.5,58,High,1.58,JG 11,Integrated Disease Management,Canal Irrigation,Red Loam,Western Zone
2015,IND071,Kudumiyanmalai,Agricultural College and Research Institute TNAU,Tamil Nadu,10.4597,78.7494,780,28.8,0.58,0.35,12,45,Moderate,1.68,JG 14,Integrated Disease Management,Rainfed,Red Sandy Loam,Southern Agro-climatic Zone
2016,IND071,Kudumiyanmalai,Agricultural College and Research Institute TNAU,Tamil Nadu,10.4597,78.7494,770,29,0.6,0.34,12.8,48,Moderate,1.64,Pusa 256,Bio-control,Rainfed,Red Sandy Loam,Southern Agro-climatic Zone
2017,IND071,Kudumiyanmalai,Agricultural College and Research Institute TNAU,Tamil Nadu,10.4597,78.7494,760,29.2,0.62,0.33,13.5,51,Moderate,1.6,JG 11,Climate-smart Agriculture,Protective Irrigation,Loamy Soil,Southern Agro-climatic Zone
2018,IND071,Kudumiyanmalai,Agricultural College and Research Institute TNAU,Tamil Nadu,10.4597,78.7494,750,29.4,0.64,0.32,14.2,54,High,1.56,KAK 2,Microbial Consortium,Rainfed,Loamy Soil,Southern Agro-climatic Zone
2019,IND071,Kudumiyanmalai,Agricultural College and Research Institute TNAU,Tamil Nadu,10.4597,78.7494,740,29.6,0.66,0.31,15,57,High,1.52,JG 14,Precision Farming,Rainfed,Red Sandy Loam,Southern Agro-climatic Zone
2020,IND071,Kudumiyanmalai,Agricultural College and Research Institute TNAU,Tamil Nadu,10.4597,78.7494,730,29.8,0.68,0.3,15.8,60,High,1.48,BG 372,AI Advisory,Supplemental Irrigation,Red Sandy Loam,Southern Agro-climatic Zone
2021,IND071,Kudumiyanmalai,Agricultural College and Research Institute TNAU,Tamil Nadu,10.4605,78.7515,790,30,0.58,0.35,14.2,57,High,1.54,JG 14,Integrated Disease Management,Rainfed,Red Sandy Loam,South Central Zone
2022,IND071,Kudumiyanmalai,Agricultural College and Research Institute TNAU,Tamil Nadu,10.4607,78.7485,710,30.2,0.6,0.34,15.8,63,High,1.5,JG 14,Integrated Disease Management,Rainfed,Red Sandy Loam,South Central Zone
2023,IND071,Kudumiyanmalai,Agricultural College and Research Institute TNAU,Tamil Nadu,10.4605,78.7515,775,30.2,0.6,0.34,15,60,High,1.5,Pusa 256,Bio-control,Rainfed,Red Sandy Loam,South Central Zone
2024,IND071,Kudumiyanmalai,Agricultural College and Research Institute TNAU,Tamil Nadu,10.4607,78.7485,695,30.4,0.62,0.33,16.5,66,High,1.46,Pusa 256,Bio-control,Rainfed,Red Sandy Loam,South Central Zone
2025,IND071,Kudumiyanmalai,Agricultural College and Research Institute TNAU,Tamil Nadu,10.4605,78.7515,760,30.4,0.62,0.33,15.8,63,High,1.46,JG 11,Climate-smart Agriculture,Protective Irrigation,Clay Loam,South Central Zone
2015,IND072,Tiruchirappalli,Bharathidasan University,Tamil Nadu,10.7905,78.7047,840,28.5,0.54,0.38,10,38,Moderate,1.76,JG 11,Integrated Disease Management,Rainfed,Alluvial Soil,Cauvery Delta Transition
2016,IND072,Tiruchirappalli,Bharathidasan University,Tamil Nadu,10.7905,78.7047,830,28.7,0.56,0.37,10.8,41,Moderate,1.72,Pusa 372,Bio-control,Rainfed,Alluvial Soil,Cauvery Delta Transition
2017,IND072,Tiruchirappalli,Bharathidasan University,Tamil Nadu,10.7905,78.7047,820,28.9,0.58,0.36,11.5,44,Moderate,1.68,JG 14,Climate-smart Agriculture,Protective Irrigation,Clay Loam,Cauvery Delta Transition
2018,IND072,Tiruchirappalli,Bharathidasan University,Tamil Nadu,10.7905,78.7047,810,29.1,0.6,0.35,12.2,47,Moderate,1.64,KAK 2,Microbial Consortium,Rainfed,Clay Loam,Cauvery Delta Transition
2019,IND072,Tiruchirappalli,Bharathidasan University,Tamil Nadu,10.7905,78.7047,800,29.3,0.62,0.34,13,50,Moderate,1.6,JG 11,Precision Farming,Rainfed,Alluvial Soil,Cauvery Delta Transition
2020,IND072,Tiruchirappalli,Bharathidasan University,Tamil Nadu,10.7905,78.7047,790,29.5,0.64,0.33,13.8,53,High,1.56,BG 372,AI Advisory,Supplemental Irrigation,Alluvial Soil,Cauvery Delta Transition
2021,IND072,Tiruchirappalli,Bharathidasan University,Tamil Nadu,10.7905,78.7047,860,29.8,0.54,0.38,13,52,Moderate,1.62,JG 11,Integrated Disease Management,Rainfed,Alluvial Soil,Cauvery Delta Transition Zone
2022,IND072,Tiruchirappalli,Bharathidasan University,Tamil Nadu,10.7905,78.7047,840,29.6,0.52,0.39,13.5,54,High,1.64,JG 11,Integrated Disease Management,Supplemental Irrigation,Red Loam,Cauvery Delta Transition Zone
2023,IND072,Tiruchirappalli,Bharathidasan University,Tamil Nadu,10.7905,78.7047,845,30,0.56,0.37,13.8,55,High,1.58,Pusa 372,Bio-control,Rainfed,Alluvial Soil,Cauvery Delta Transition Zone
2024,IND072,Tiruchirappalli,Bharathidasan University,Tamil Nadu,10.7905,78.7047,825,29.8,0.54,0.38,14.2,57,High,1.6,Pusa 372,Bio-control,Supplemental Irrigation,Red Loam,Cauvery Delta Transition Zone
2025,IND072,Tiruchirappalli,Bharathidasan University,Tamil Nadu,10.7905,78.7047,830,30.2,0.58,0.36,14.5,58,High,1.54,JG 14,Climate-smart Agriculture,Protective Irrigation,Clay Loam,Cauvery Delta Transition Zone
2015,IND073,Vellore,Agricultural Research Station TNAU Virinjipuram,Tamil Nadu,12.9165,79.1325,910,28.2,0.5,0.4,9,34,Low,1.84,JG 14,Integrated Disease Management,Rainfed,Red Loam,Northern Tamil Nadu Zone
2016,IND073,Vellore,Agricultural Research Station TNAU Virinjipuram,Tamil Nadu,12.9165,79.1325,900,28.4,0.52,0.39,9.8,37,Moderate,1.8,Pusa 256,Bio-control,Rainfed,Red Loam,Northern Tamil Nadu Zone
2017,IND073,Vellore,Agricultural Research Station TNAU Virinjipuram,Tamil Nadu,12.9165,79.1325,890,28.6,0.54,0.38,10.5,40,Moderate,1.76,JG 11,Climate-smart Agriculture,Protective Irrigation,Red Sandy Loam,Northern Tamil Nadu Zone
2018,IND073,Vellore,Agricultural Research Station TNAU Virinjipuram,Tamil Nadu,12.9165,79.1325,880,28.8,0.56,0.37,11.2,43,Moderate,1.72,KAK 2,Microbial Consortium,Rainfed,Red Sandy Loam,Northern Tamil Nadu Zone
2019,IND073,Vellore,Agricultural Research Station TNAU Virinjipuram,Tamil Nadu,12.9165,79.1325,870,29,0.58,0.36,12,46,Moderate,1.68,JG 14,Precision Farming,Rainfed,Red Loam,Northern Tamil Nadu Zone
2020,IND073,Vellore,Agricultural Research Station TNAU Virinjipuram,Tamil Nadu,12.9165,79.1325,860,29.2,0.6,0.35,12.8,49,Moderate,1.64,BG 372,AI Advisory,Supplemental Irrigation,Red Loam,Northern Tamil Nadu Zone
2021,IND073,Vellore,Agricultural Research Station TNAU Virinjipuram,Tamil Nadu,12.9165,79.1325,920,29.6,0.52,0.39,12.5,50,Moderate,1.68,JG 14,Integrated Disease Management,Rainfed,Red Loam,Northern Tamil Nadu Zone
2022,IND073,Vellore,Agricultural Research Station TNAU Virinjipuram,Tamil Nadu,12.9165,79.1325,920,28.8,0.46,0.42,11.8,47,Moderate,1.76,JG 14,Integrated Disease Management,Rainfed,Red Loam,Northern Zone
2023,IND073,Vellore,Agricultural Research Station TNAU Virinjipuram,Tamil Nadu,12.9165,79.1325,905,29.8,0.54,0.38,13.2,53,Moderate,1.64,Pusa 256,Bio-control,Rainfed,Red Loam,Northern Tamil Nadu Zone
2024,IND073,Vellore,Agricultural Research Station TNAU Virinjipuram,Tamil Nadu,12.9165,79.1325,905,29,0.48,0.41,12.5,50,Moderate,1.72,Pusa 256,Bio-control,Rainfed,Red Loam,Northern Zone
2025,IND073,Vellore,Agricultural Research Station TNAU Virinjipuram,Tamil Nadu,12.9165,79.1325,890,30,0.56,0.37,14,56,High,1.6,JG 11,Climate-smart Agriculture,Protective Irrigation,Clay Loam,Northern Tamil Nadu Zone
2015,IND074,Adilabad,Regional Agricultural Research Station,Telangana,19.6667,78.5333,1040,28.9,0.56,0.36,12.5,48,Moderate,1.62,JG 11,Integrated Disease Management,Rainfed,Black Cotton Soil,Northern Telangana Zone
2016,IND074,Adilabad,Regional Agricultural Research Station,Telangana,19.6667,78.5333,1025,29.1,0.58,0.35,13.2,51,Moderate,1.58,Pusa 372,Bio-control,Rainfed,Black Cotton Soil,Northern Telangana Zone
2017,IND074,Adilabad,Regional Agricultural Research Station,Telangana,19.6667,78.5333,1010,29.3,0.6,0.34,14,54,High,1.54,JG 14,Climate-smart Agriculture,Protective Irrigation,Vertisol,Northern Telangana Zone
2018,IND074,Adilabad,Regional Agricultural Research Station,Telangana,19.6667,78.5333,995,29.5,0.62,0.33,14.8,57,High,1.5,KAK 2,Microbial Consortium,Rainfed,Vertisol,Northern Telangana Zone
2019,IND074,Adilabad,Regional Agricultural Research Station,Telangana,19.6667,78.5333,980,29.7,0.64,0.32,15.5,60,High,1.46,JG 11,Precision Farming,Rainfed,Black Cotton Soil,Northern Telangana Zone
2020,IND074,Adilabad,Regional Agricultural Research Station,Telangana,19.6667,78.5333,965,29.9,0.66,0.31,16.2,63,High,1.42,BG 372,AI Advisory,Supplemental Irrigation,Black Cotton Soil,Northern Telangana Zone
2021,IND074,Adilabad,Regional Agricultural Research Station,Telangana,19.6667,78.5333,1080,30.2,0.62,0.32,16.2,65,High,1.42,JG 11,Integrated Disease Management,Rainfed,Black Cotton Soil,Northern Telangana Zone
2022,IND074,Adilabad,Regional Agricultural Research Station,Telangana,19.6641,78.532,1040,30,0.58,0.35,15.2,61,High,1.54,JG 11,Integrated Disease Management,Rainfed,Black Cotton Soil,Northern Telangana Zone
2023,IND074,Adilabad,Regional Agricultural Research Station,Telangana,19.6667,78.5333,1065,30.4,0.64,0.31,17,68,High,1.38,Pusa 372,Bio-control,Rainfed,Black Cotton Soil,Northern Telangana Zone
2024,IND074,Adilabad,Regional Agricultural Research Station,Telangana,19.6641,78.532,1025,30.2,0.6,0.34,16,64,High,1.5,Pusa 372,Bio-control,Rainfed,Black Cotton Soil,Northern Telangana Zone
2025,IND074,Adilabad,Regional Agricultural Research Station,Telangana,19.6667,78.5333,1050,30.6,0.66,0.3,17.8,71,High,1.34,JG 14,Climate-smart Agriculture,Protective Irrigation,Vertisol,Northern Telangana Zone
2015,IND075,Hyderabad,Acharya NG Ranga Agricultural University,Telangana,17.385,78.4867,820,29.8,0.68,0.29,16,60,High,1.4,JG 14,Integrated Disease Management,Rainfed,Red Sandy Loam,Central Telangana Plateau
2016,IND075,Hyderabad,Acharya NG Ranga Agricultural University,Telangana,17.385,78.4867,810,30,0.7,0.28,16.8,63,High,1.36,Pusa 256,Bio-control,Rainfed,Red Sandy Loam,Central Telangana Plateau
2017,IND075,Hyderabad,Acharya NG Ranga Agricultural University,Telangana,17.385,78.4867,800,30.2,0.72,0.27,17.5,66,High,1.32,JG 11,Climate-smart Agriculture,Protective Irrigation,Red Loam,Central Telangana Plateau
2018,IND075,Hyderabad,Acharya NG Ranga Agricultural University,Telangana,17.385,78.4867,790,30.4,0.74,0.26,18.2,69,High,1.28,KAK 2,Microbial Consortium,Rainfed,Red Loam,Central Telangana Plateau
2019,IND075,Hyderabad,Acharya NG Ranga Agricultural University,Telangana,17.385,78.4867,780,30.6,0.76,0.25,19,72,High,1.24,JG 14,Precision Farming,Rainfed,Red Sandy Loam,Central Telangana Plateau
2020,IND075,Hyderabad,Acharya NG Ranga Agricultural University,Telangana,17.385,78.4867,770,30.8,0.78,0.24,19.8,75,High,1.2,BG 372,AI Advisory,Supplemental Irrigation,Red Sandy Loam,Central Telangana Plateau
2021,IND075,Hyderabad,Acharya NG Ranga Agricultural University,Telangana,17.385,78.4867,780,30.4,0.66,0.3,17.5,70,High,1.36,JG 14,Integrated Disease Management,Rainfed,Red Sandy Loam,Central Telangana Zone
2022,IND075,Hyderabad,Acharya NG Ranga Agricultural University,Telangana,17.385,78.4867,820,30.8,0.64,0.32,17,68,High,1.4,JG 14,Integrated Disease Management,Supplemental Irrigation,Red Sandy Loam,Central Telangana Zone
2023,IND075,Hyderabad,Acharya NG Ranga Agricultural University,Telangana,17.385,78.4867,765,30.6,0.68,0.29,18.2,73,High,1.32,Pusa 256,Bio-control,Rainfed,Red Sandy Loam,Central Telangana Zone
2024,IND075,Hyderabad,Acharya NG Ranga Agricultural University,Telangana,17.385,78.4867,805,31,0.66,0.31,17.8,71,High,1.36,Pusa 256,Bio-control,Supplemental Irrigation,Red Sandy Loam,Central Telangana Zone
2025,IND075,Hyderabad,Acharya NG Ranga Agricultural University,Telangana,17.385,78.4867,750,30.8,0.7,0.28,19,76,High,1.28,JG 11,Climate-smart Agriculture,Protective Irrigation,Clay Loam,Central Telangana Zone
2015,IND076,Hyderabad,ICAR CRIDA,Telangana,17.3272,78.4031,760,30.4,0.78,0.24,20.5,78,High,1.18,JG 11,Integrated Disease Management,Rainfed,Red Sandy Soil,Deccan Semi-Arid Plateau
2016,IND076,Hyderabad,ICAR CRIDA,Telangana,17.3272,78.4031,750,30.6,0.8,0.23,21.2,81,Very High,1.14,Pusa 372,Bio-control,Rainfed,Red Sandy Soil,Deccan Semi-Arid Plateau
2017,IND076,Hyderabad,ICAR CRIDA,Telangana,17.3272,78.4031,740,30.8,0.82,0.22,22,84,Very High,1.1,JG 14,Climate-smart Agriculture,Protective Irrigation,Shallow Alfisol,Deccan Semi-Arid Plateau
2018,IND076,Hyderabad,ICAR CRIDA,Telangana,17.3272,78.4031,730,31,0.84,0.21,22.8,87,Very High,1.06,KAK 2,Microbial Consortium,Rainfed,Shallow Alfisol,Deccan Semi-Arid Plateau
2019,IND076,Hyderabad,ICAR CRIDA,Telangana,17.3272,78.4031,780,29.7,0.63,0.39,22.6,94,Very High,1.29,Asha,Climate-smart Agriculture,Rainfed,Red Sandy Loam,Scarce Rainfall Zone
2020,IND076,Hyderabad,ICAR CRIDA,Telangana,17.3272,78.4031,720,31.2,0.86,0.2,23.5,90,Very High,1.02,JG 11,Precision Farming,Rainfed,Red Sandy Soil,Deccan Semi-Arid Plateau
2021,IND076,Hyderabad,ICAR CRIDA,Telangana,17.3272,78.4031,720,30.4,0.69,0.35,24.2,97,Very High,1.14,BG 372,Rainfed Management,Rainfed,Red Soil,Scarce Rainfall Zone
2022,IND076,Hyderabad,ICAR CRIDA,Telangana,17.3272,78.4031,710,31.4,0.88,0.19,24.2,93,Very High,0.98,BG 372,AI Advisory,Drip Irrigation,Red Sandy Soil,Deccan Semi-Arid Plateau
2023,IND076,Hyderabad,ICAR CRIDA,Telangana,17.3272,78.4031,665,31.2,0.74,0.31,26.8,99,Very High,1.02,ICCV 10,Bio-control,Drip-assisted,Red Sandy Loam,Scarce Rainfall Zone
2024,IND076,Hyderabad,ICAR CRIDA,Telangana,17.3272,78.4031,760,30.8,0.72,0.27,19.8,79,High,1.26,JG 11,Integrated Disease Management,Rainfed,Red Soil,Semi-Arid Tropics
2025,IND076,Hyderabad,ICAR CRIDA,Telangana,17.3272,78.4031,760,31.2,0.68,0.3,18.2,73,High,1.34,JG 11,Integrated Disease Management,Rainfed,Red Sandy Loam,Central Telangana Zone
2015,IND077,Hyderabad,Osmania University,Telangana,17.4138,78.5281,790,29.6,0.7,0.28,17,64,High,1.34,JG 14,Integrated Disease Management,Rainfed,Red Loam,Urban Dryland Transition
2016,IND077,Hyderabad,Osmania University,Telangana,17.4138,78.5281,780,29.8,0.72,0.27,17.8,67,High,1.3,Pusa 256,Bio-control,Rainfed,Red Loam,Urban Dryland Transition
2017,IND077,Hyderabad,Osmania University,Telangana,17.4138,78.5281,770,30,0.74,0.26,18.5,70,High,1.26,JG 11,Climate-smart Agriculture,Protective Irrigation,Red Sandy Loam,Urban Dryland Transition
2018,IND077,Hyderabad,Osmania University,Telangana,17.4138,78.5281,760,30.2,0.76,0.25,19.2,73,High,1.22,KAK 2,Microbial Consortium,Rainfed,Red Sandy Loam,Urban Dryland Transition
2019,IND077,Hyderabad,Osmania University,Telangana,17.4138,78.5281,750,30.4,0.78,0.24,20,76,High,1.18,JG 14,Precision Farming,Rainfed,Red Loam,Urban Dryland Transition
2020,IND077,Hyderabad,Osmania University,Telangana,17.4138,78.5281,740,30.6,0.8,0.23,20.8,79,High,1.14,BG 372,AI Advisory,Supplemental Irrigation,Red Loam,Urban Dryland Transition
2021,IND077,Hyderabad,Osmania University,Telangana,17.4138,78.5281,800,29.8,0.6,0.34,15,60,High,1.5,JG 14,Integrated Disease Management,Rainfed,Red Sandy Soil,Deccan Plateau
2022,IND077,Hyderabad,Osmania University,Telangana,17.4138,78.5281,800,30.6,0.62,0.33,16.5,66,High,1.46,JG 14,Integrated Disease Management,Supplemental Irrigation,Red Loam,Central Telangana Zone
2023,IND077,Hyderabad,Osmania University,Telangana,17.4138,78.5281,785,30,0.62,0.33,15.8,63,High,1.46,Pusa 256,Bio-control,Rainfed,Red Sandy Soil,Deccan Plateau
2024,IND077,Hyderabad,Osmania University,Telangana,17.4138,78.5281,785,30.8,0.64,0.32,17.2,69,High,1.42,Pusa 256,Bio-control,Supplemental Irrigation,Red Loam,Central Telangana Zone
2025,IND077,Hyderabad,Osmania University,Telangana,17.4138,78.5281,770,30.2,0.64,0.32,16.5,66,High,1.42,JG 11,Climate-smart Agriculture,Protective Irrigation,Clay Loam,Deccan Plateau
2015,IND078,Hyderabad,Professor Jayashankar Telangana State Agricultural University,Telangana,17.32,78.401,780,29.9,0.72,0.27,18,68,High,1.3,JG 11,Integrated Disease Management,Rainfed,Red Sandy Loam,Central Telangana Plateau
2016,IND078,Hyderabad,Professor Jayashankar Telangana State Agricultural University,Telangana,17.32,78.401,770,30.1,0.74,0.26,18.8,71,High,1.26,Pusa 372,Bio-control,Rainfed,Red Sandy Loam,Central Telangana Plateau
2017,IND078,Hyderabad,Professor Jayashankar Telangana State Agricultural University,Telangana,17.32,78.401,760,30.3,0.76,0.25,19.5,74,High,1.22,JG 14,Climate-smart Agriculture,Protective Irrigation,Red Loam,Central Telangana Plateau
2018,IND078,Hyderabad,Professor Jayashankar Telangana State Agricultural University,Telangana,17.32,78.401,750,30.5,0.24,0.24,20.2,77,High,1.18,KAK 2,Microbial Consortium,Rainfed,Red Loam,Central Telangana Plateau
2019,IND078,Hyderabad,Professor Jayashankar Telangana State Agricultural University,Telangana,17.32,78.401,740,30.7,0.8,0.23,21,80,Very High,1.14,JG 11,Precision Farming,Rainfed,Red Sandy Loam,Central Telangana Plateau
2020,IND078,Hyderabad,Professor Jayashankar Telangana State Agricultural University,Telangana,17.32,78.401,730,30.9,0.82,0.22,21.8,83,Very High,1.1,BG 372,AI Advisory,Supplemental Irrigation,Red Sandy Loam,Central Telangana Plateau
2021,IND078,Hyderabad,Professor Jayashankar Telangana State Agricultural University,Telangana,17.32,78.401,790,30.2,0.64,0.31,16.8,67,High,1.4,JG 11,Integrated Disease Management,Rainfed,Red Sandy Loam,Central Telangana Zone
2022,IND078,Hyderabad,Professor Jayashankar Telangana State Agricultural University,Telangana,17.32,78.401,780,31,0.66,0.31,17.2,69,High,1.38,JG 11,Integrated Disease Management,Rainfed,Red Sandy Loam,Central Telangana Zone
2023,IND078,Hyderabad,Professor Jayashankar Telangana State Agricultural University,Telangana,17.32,78.401,775,30.4,0.66,0.3,17.5,70,High,1.36,Pusa 372,Bio-control,Rainfed,Red Sandy Loam,Central Telangana Zone
2024,IND078,Hyderabad,Professor Jayashankar Telangana State Agricultural University,Telangana,17.32,78.401,765,31.2,0.68,0.3,18,72,High,1.34,Pusa 372,Bio-control,Rainfed,Red Sandy Loam,Central Telangana Zone
2025,IND078,Hyderabad,Professor Jayashankar Telangana State Agricultural University,Telangana,17.32,78.401,760,30.6,0.68,0.29,18.2,73,High,1.32,JG 14,Climate-smart Agriculture,Protective Irrigation,Clay Loam,Central Telangana Zone
2015,IND079,Mahboobnagar,Palem Agricultural Research Station,Telangana,16.7333,78.0167,690,30.8,0.82,0.22,24,88,Very High,1.02,JG 14,Integrated Disease Management,Rainfed,Red Sandy Soil,Southern Telangana Dry Zone
2016,IND079,Mahboobnagar,Palem Agricultural Research Station,Telangana,16.7333,78.0167,680,31,0.84,0.21,24.8,91,Very High,0.98,Pusa 256,Bio-control,Rainfed,Red Sandy Soil,Southern Telangana Dry Zone
2017,IND079,Mahboobnagar,Palem Agricultural Research Station,Telangana,16.7333,78.0167,670,31.2,0.86,0.2,25.5,94,Very High,0.94,JG 11,Climate-smart Agriculture,Protective Irrigation,Shallow Alfisol,Southern Telangana Dry Zone
2018,IND079,Mahboobnagar,Palem Agricultural Research Station,Telangana,16.7333,78.0167,660,31.4,0.88,0.19,26.2,97,Very High,0.9,KAK 2,Microbial Consortium,Rainfed,Shallow Alfisol,Southern Telangana Dry Zone
2019,IND079,Mahboobnagar,Palem Agricultural Research Station,Telangana,16.7333,78.0167,650,31.6,0.9,0.18,27,99,Very High,0.86,JG 14,Precision Farming,Rainfed,Red Sandy Soil,Southern Telangana Dry Zone
2020,IND079,Mahboobnagar,Palem Agricultural Research Station,Telangana,16.7333,78.0167,640,31.8,0.92,0.17,27.8,99,Very High,0.82,BG 372,AI Advisory,Drip Irrigation,Red Sandy Soil,Southern Telangana Dry Zone
2021,IND079,Mahboobnagar,Palem Agricultural Research Station,Telangana,16.7333,78.0167,690,31.4,0.76,0.24,21.5,86,Very High,1.12,JG 14,Integrated Disease Management,Rainfed,Red Sandy Soil,Southern Telangana Dry Zone
2022,IND079,Mahboobnagar,Palem Agricultural Research Station,Telangana,16.7333,78.0167,690,31.8,0.74,0.27,20,80,Very High,1.2,JG 14,Integrated Disease Management,Rainfed,Red Sandy Soil,Southern Telangana Zone
2023,IND079,Mahboobnagar,Palem Agricultural Research Station,Telangana,16.7333,78.0167,675,31.6,0.78,0.23,22.2,89,Very High,1.08,Pusa 256,Bio-control,Rainfed,Red Sandy Soil,Southern Telangana Dry Zone
2024,IND079,Mahboobnagar,Palem Agricultural Research Station,Telangana,16.7333,78.0167,675,32,0.76,0.26,20.8,83,Very High,1.16,Pusa 256,Bio-control,Rainfed,Red Sandy Soil,Southern Telangana Zone
2025,IND079,Mahboobnagar,Palem Agricultural Research Station,Telangana,16.7333,78.0167,660,31.8,0.8,0.22,23,92,Very High,1.04,JG 11,Climate-smart Agriculture,Protective Irrigation,Clay Loam,Southern Telangana Dry Zone
2015,IND080,Patancheru,International Crops Research Institute for the Semi-Arid Tropics (ICRISAT),Telangana,17.53,78.27,760,30.1,0.78,0.24,22,82,Very High,1.12,JG 11,Integrated Disease Management,Rainfed,Red Sandy Loam,Semi-Arid Tropics
2016,IND080,Patancheru,International Crops Research Institute for the Semi-Arid Tropics (ICRISAT),Telangana,17.53,78.27,750,30.3,0.8,0.23,22.8,85,Very High,1.08,Pusa 372,Bio-control,Rainfed,Red Sandy Loam,Semi-Arid Tropics
2017,IND080,Patancheru,International Crops Research Institute for the Semi-Arid Tropics (ICRISAT),Telangana,17.53,78.27,740,30.5,0.82,0.22,23.5,88,Very High,1.04,JG 14,Climate-smart Agriculture,Protective Irrigation,Alfisol,Semi-Arid Tropics
2018,IND080,Patancheru,International Crops Research Institute for the Semi-Arid Tropics (ICRISAT),Telangana,17.53,78.27,730,30.7,0.84,0.21,24.2,91,Very High,1,KAK 2,Microbial Consortium,Rainfed,Alfisol,Semi-Arid Tropics
2019,IND080,Patancheru,International Crops Research Institute for the Semi-Arid Tropics (ICRISAT),Telangana,17.53,78.27,720,30.9,0.86,0.2,25,94,Very High,0.96,JG 11,Precision Farming,Rainfed,Red Sandy Loam,Semi-Arid Tropics
2020,IND080,Patancheru,International Crops Research Institute for the Semi-Arid Tropics (ICRISAT),Telangana,17.53,78.27,710,31.1,0.88,0.19,25.8,97,Very High,0.92,BG 372,AI Advisory,Drip Irrigation,Red Sandy Loam,Semi-Arid Tropics
2021,IND080,Patancheru,International Crops Research Institute for the Semi-Arid Tropics (ICRISAT),Telangana,17.53,78.27,820,30,0.62,0.33,16,64,High,1.44,JG 11,Integrated Disease Management,Rainfed,Vertisol,Semi-Arid Tropics
2022,IND080,Patancheru,International Crops Research Institute for the Semi-Arid Tropics (ICRISAT),Telangana,17.53,78.27,820,30.4,0.6,0.34,16,64,High,1.5,JG 11,Integrated Disease Management,Supplemental Irrigation,Red Sandy Loam,Semi-Arid Tropics
2023,IND080,Patancheru,International Crops Research Institute for the Semi-Arid Tropics (ICRISAT),Telangana,17.53,78.27,805,30.2,0.64,0.32,16.8,67,High,1.4,Pusa 372,Bio-control,Rainfed,Vertisol,Semi-Arid Tropics
2024,IND080,Patancheru,International Crops Research Institute for the Semi-Arid Tropics (ICRISAT),Telangana,17.53,78.27,805,30.6,0.62,0.33,16.8,67,High,1.46,Pusa 372,Bio-control,Supplemental Irrigation,Red Sandy Loam,Semi-Arid Tropics
2025,IND080,Patancheru,International Crops Research Institute for the Semi-Arid Tropics (ICRISAT),Telangana,17.53,78.27,790,30.4,0.66,0.31,17.5,70,High,1.36,JG 14,Climate-smart Agriculture,Protective Irrigation,Black Clay,Semi-Arid Tropics
2015,IND081,Rajendranagar,Directorate of Oilseed Research,Telangana,17.3205,78.403,740,30,0.76,0.25,20.5,76,High,1.2,JG 14,Integrated Disease Management,Rainfed,Red Loam,Deccan Plateau
2016,IND081,Rajendranagar,Directorate of Oilseed Research,Telangana,17.3205,78.403,730,30.2,0.78,0.24,21.2,79,High,1.16,Pusa 256,Bio-control,Rainfed,Red Loam,Deccan Plateau
2017,IND081,Rajendranagar,Directorate of Oilseed Research,Telangana,17.3205,78.403,720,30.4,0.8,0.23,22,82,Very High,1.12,JG 11,Climate-smart Agriculture,Protective Irrigation,Red Sandy Soil,Deccan Plateau
2018,IND081,Rajendranagar,Directorate of Oilseed Research,Telangana,17.3205,78.403,710,30.6,0.82,0.22,22.8,85,Very High,1.08,KAK 2,Microbial Consortium,Rainfed,Red Sandy Soil,Deccan Plateau
2019,IND081,Rajendranagar,Directorate of Oilseed Research,Telangana,17.3205,78.403,700,30.8,0.84,0.21,23.5,88,Very High,1.04,JG 14,Precision Farming,Rainfed,Red Loam,Deccan Plateau
2020,IND081,Rajendranagar,Directorate of Oilseed Research,Telangana,17.3205,78.403,690,31,0.86,0.2,24.2,91,Very High,1,BG 372,AI Advisory,Drip Irrigation,Red Loam,Deccan Plateau
2021,IND081,Rajendranagar,Directorate of Oilseed Research,Telangana,17.3205,78.403,770,30.6,0.7,0.28,18.8,75,High,1.3,JG 14,Integrated Disease Management,Rainfed,Red Soil,Deccan Plateau
2022,IND081,Rajendranagar,Directorate of Oilseed Research,Telangana,17.3205,78.403,790,30.8,0.64,0.32,17,68,High,1.4,JG 14,Integrated Disease Management,Supplemental Irrigation,Red Loam,Central Telangana Zone
2023,IND081,Rajendranagar,Directorate of Oilseed Research,Telangana,17.3205,78.403,755,30.8,0.72,0.27,19.5,78,High,1.26,Pusa 256,Bio-control,Rainfed,Red Soil,Deccan Plateau
2024,IND081,Rajendranagar,Directorate of Oilseed Research,Telangana,17.3205,78.403,775,31,0.66,0.31,17.8,71,High,1.36,Pusa 256,Bio-control,Supplemental Irrigation,Red Loam,Central Telangana Zone
2025,IND081,Rajendranagar,Directorate of Oilseed Research,Telangana,17.3205,78.403,740,31,0.74,0.26,20.2,81,Very High,1.22,JG 11,Climate-smart Agriculture,Protective Irrigation,Clay Loam,Deccan Plateau
2015,IND082,Lembucherra,ICAR Research Complex for NEH Region Tripura Centre,Tripura,23.901,91.314,2100,25.8,0.32,0.58,5.5,24,Low,2.02,JG 11,Integrated Disease Management,Rainfed,Lateritic Soil,Humid Northeast Hills
2016,IND082,Lembucherra,ICAR Research Complex for NEH Region Tripura Centre,Tripura,23.901,91.314,2080,26,0.34,0.57,6,26,Low,1.98,Pusa 372,Bio-control,Rainfed,Lateritic Soil,Humid Northeast Hills
2017,IND082,Lembucherra,ICAR Research Complex for NEH Region Tripura Centre,Tripura,23.901,91.314,2060,26.2,0.36,0.56,6.5,28,Low,1.94,JG 14,Climate-smart Agriculture,Protective Irrigation,Acidic Loam,Humid Northeast Hills
2018,IND082,Lembucherra,ICAR Research Complex for NEH Region Tripura Centre,Tripura,23.901,91.314,2040,26.4,0.38,0.55,7,30,Low,1.9,KAK 2,Microbial Consortium,Rainfed,Acidic Loam,Humid Northeast Hills
2019,IND082,Lembucherra,ICAR Research Complex for NEH Region Tripura Centre,Tripura,23.901,91.314,2020,26.6,0.4,0.54,7.5,32,Low,1.86,JG 11,Precision Farming,Rainfed,Lateritic Soil,Humid Northeast Hills
2020,IND082,Lembucherra,ICAR Research Complex for NEH Region Tripura Centre,Tripura,23.901,91.314,2000,26.8,0.42,0.53,8,34,Low,1.82,BG 372,AI Advisory,Supplemental Irrigation,Lateritic Soil,Humid Northeast Hills
2021,IND082,Lembucherra,ICAR Research Complex for NEH Region Tripura Centre,Tripura,23.901,91.314,2150,26.8,0.3,0.6,5,20,Low,2.04,JG 11,Integrated Disease Management,Rainfed,Lateritic Soil,Humid North Eastern Plain
2022,IND082,Lembucherra,ICAR Research Complex for NEH Region Tripura Centre,Tripura,23.901,91.314,2180,26.4,0.24,0.63,5.5,22,Low,2.02,JG 11,Integrated Disease Management,Rainfed,Lateritic Soil,North Eastern Hill Region
2023,IND082,Lembucherra,ICAR Research Complex for NEH Region Tripura Centre,Tripura,23.901,91.314,2135,27,0.32,0.59,5.5,22,Low,2,Pusa 372,Bio-control,Rainfed,Lateritic Soil,Humid North Eastern Plain
2024,IND082,Lembucherra,ICAR Research Complex for NEH Region Tripura Centre,Tripura,23.901,91.314,2165,26.6,0.26,0.62,6,24,Low,1.98,Pusa 372,Bio-control,Rainfed,Lateritic Soil,North Eastern Hill Region
2025,IND082,Lembucherra,ICAR Research Complex for NEH Region Tripura Centre,Tripura,23.901,91.314,2120,27.2,0.34,0.58,6,24,Low,1.96,JG 14,Climate-smart Agriculture,Protective Irrigation,Clay Loam,Humid North Eastern Plain
2015,IND083,Aligarh,Aligarh Muslim University,Uttar Pradesh,27.8974,78.088,760,28.4,0.58,0.34,13.5,50,Moderate,1.66,JG 14,Integrated Disease Management,Rainfed,Alluvial Soil,Upper Gangetic Plain
2016,IND083,Aligarh,Aligarh Muslim University,Uttar Pradesh,27.8974,78.088,750,28.6,0.6,0.33,14.2,53,High,1.62,Pusa 256,Bio-control,Rainfed,Alluvial Soil,Upper Gangetic Plain
2017,IND083,Aligarh,Aligarh Muslim University,Uttar Pradesh,27.8974,78.088,740,28.8,0.62,0.32,15,56,High,1.58,JG 11,Climate-smart Agriculture,Protective Irrigation,Loamy Soil,Upper Gangetic Plain
2018,IND083,Aligarh,Aligarh Muslim University,Uttar Pradesh,27.8974,78.088,730,29,0.64,0.31,15.8,59,High,1.54,KAK 2,Microbial Consortium,Rainfed,Loamy Soil,Upper Gangetic Plain
2019,IND083,Aligarh,Aligarh Muslim University,Uttar Pradesh,27.8974,78.088,720,29.2,0.66,0.3,16.5,62,High,1.5,JG 14,Precision Farming,Rainfed,Alluvial Soil,Upper Gangetic Plain
2020,IND083,Aligarh,Aligarh Muslim University,Uttar Pradesh,27.8974,78.088,710,29.4,0.68,0.29,17.2,65,High,1.46,BG 372,AI Advisory,Supplemental Irrigation,Alluvial Soil,Upper Gangetic Plain
2021,IND083,Aligarh,Aligarh Muslim University,Uttar Pradesh,27.8974,78.088,760,29.8,0.58,0.35,14.8,59,High,1.52,JG 14,Integrated Disease Management,Rainfed,Alluvial Soil,Western Plain Zone
2022,IND083,Aligarh,Aligarh Muslim University,Uttar Pradesh,27.8974,78.088,720,29.8,0.56,0.36,14.8,59,High,1.56,JG 14,Integrated Disease Management,Canal Irrigation,Alluvial Soil,Western Plain Zone
2023,IND083,Aligarh,Aligarh Muslim University,Uttar Pradesh,27.8974,78.088,745,30,0.6,0.34,15.5,62,High,1.48,Pusa 256,Bio-control,Rainfed,Alluvial Soil,Western Plain Zone
2024,IND083,Aligarh,Aligarh Muslim University,Uttar Pradesh,27.8974,78.088,705,30,0.58,0.35,15.5,62,High,1.52,Pusa 256,Bio-control,Canal Irrigation,Alluvial Soil,Western Plain Zone
2025,IND083,Aligarh,Aligarh Muslim University,Uttar Pradesh,27.8974,78.088,730,30.2,0.62,0.33,16.2,65,High,1.44,JG 11,Climate-smart Agriculture,Protective Irrigation,Clay Loam,Western Plain Zone
2015,IND084,Ayodhya,Acharya Narendra Deva University of Agriculture and Technology,Uttar Pradesh,26.7991,82.2044,980,27.8,0.5,0.4,10,38,Moderate,1.8,JG 11,Integrated Disease Management,Rainfed,Alluvial Soil,Eastern Gangetic Plain
2016,IND084,Ayodhya,Acharya Narendra Deva University of Agriculture and Technology,Uttar Pradesh,26.7991,82.2044,965,28,0.52,0.39,10.8,41,Moderate,1.76,Pusa 372,Bio-control,Rainfed,Alluvial Soil,Eastern Gangetic Plain
2017,IND084,Ayodhya,Acharya Narendra Deva University of Agriculture and Technology,Uttar Pradesh,26.7991,82.2044,950,28.2,0.54,0.38,11.5,44,Moderate,1.72,JG 14,Climate-smart Agriculture,Protective Irrigation,Clay Loam,Eastern Gangetic Plain
2018,IND084,Ayodhya,Acharya Narendra Deva University of Agriculture and Technology,Uttar Pradesh,26.7991,82.2044,935,28.4,0.56,0.37,12.2,47,Moderate,1.68,KAK 2,Microbial Consortium,Rainfed,Clay Loam,Eastern Gangetic Plain
2019,IND084,Ayodhya,Acharya Narendra Deva University of Agriculture and Technology,Uttar Pradesh,26.7991,82.2044,920,28.6,0.58,0.36,13,50,Moderate,1.64,JG 11,Precision Farming,Rainfed,Alluvial Soil,Eastern Gangetic Plain
2020,IND084,Ayodhya,Acharya Narendra Deva University of Agriculture and Technology,Uttar Pradesh,26.7991,82.2044,905,28.8,0.6,0.35,13.8,53,High,1.6,BG 372,AI Advisory,Supplemental Irrigation,Alluvial Soil,Eastern Gangetic Plain
2021,IND084,Ayodhya,Acharya Narendra Deva University of Agriculture and Technology,Uttar Pradesh,26.7991,82.2044,980,28.9,0.5,0.4,12,48,Moderate,1.7,JG 11,Integrated Disease Management,Rainfed,Silt Loam,Eastern Plain Zone
2022,IND084,Ayodhya,Acharya Narendra Deva University of Agriculture and Technology,Uttar Pradesh,26.7991,82.2044,980,29.2,0.48,0.41,12.5,50,Moderate,1.72,JG 11,Integrated Disease Management,Rainfed,Alluvial Soil,Eastern Plain Zone
2023,IND084,Ayodhya,Acharya Narendra Deva University of Agriculture and Technology,Uttar Pradesh,26.7991,82.2044,965,29.1,0.52,0.39,12.8,51,Moderate,1.66,Pusa 372,Bio-control,Rainfed,Silt Loam,Eastern Plain Zone
2024,IND084,Ayodhya,Acharya Narendra Deva University of Agriculture and Technology,Uttar Pradesh,26.7991,82.2044,965,29.4,0.5,0.4,13.2,53,Moderate,1.68,Pusa 372,Bio-control,Rainfed,Alluvial Soil,Eastern Plain Zone
2025,IND084,Ayodhya,Acharya Narendra Deva University of Agriculture and Technology,Uttar Pradesh,26.7991,82.2044,950,29.3,0.54,0.38,13.5,54,High,1.62,JG 14,Climate-smart Agriculture,Protective Irrigation,Clay Loam,Eastern Plain Zone
2015,IND085,Jhansi,Rani Lakshmi Bai Central Agricultural University,Uttar Pradesh,25.4484,78.5685,860,29.2,0.68,0.29,18,68,High,1.28,JG 14,Integrated Disease Management,Rainfed,Black Soil,Bundelkhand Zone
2016,IND085,Jhansi,Rani Lakshmi Bai Central Agricultural University,Uttar Pradesh,25.4484,78.5685,845,29.4,0.7,0.28,18.8,71,High,1.24,Pusa 256,Bio-control,Rainfed,Black Soil,Bundelkhand Zone
2017,IND085,Jhansi,Rani Lakshmi Bai Central Agricultural University,Uttar Pradesh,25.4484,78.5685,830,29.6,0.72,0.27,19.5,74,High,1.2,JG 11,Climate-smart Agriculture,Protective Irrigation,Vertisol,Bundelkhand Zone
2018,IND085,Jhansi,Rani Lakshmi Bai Central Agricultural University,Uttar Pradesh,25.4484,78.5685,815,29.8,0.74,0.26,20.2,77,High,1.16,KAK 2,Microbial Consortium,Rainfed,Vertisol,Bundelkhand Zone
2019,IND085,Jhansi,Rani Lakshmi Bai Central Agricultural University,Uttar Pradesh,25.4484,78.5685,800,30,0.76,0.25,21,80,Very High,1.12,JG 14,Precision Farming,Rainfed,Black Soil,Bundelkhand Zone
2020,IND085,Jhansi,Rani Lakshmi Bai Central Agricultural University,Uttar Pradesh,25.4484,78.5685,785,30.2,0.78,0.24,21.8,83,Very High,1.08,BG 372,AI Advisory,Supplemental Irrigation,Black Soil,Bundelkhand Zone
2021,IND085,Jhansi,Rani Lakshmi Bai Central Agricultural University,Uttar Pradesh,25.4484,78.5685,860,30.6,0.66,0.3,17.8,71,High,1.34,JG 14,Integrated Disease Management,Rainfed,Red Loam,Bundelkhand Zone
2022,IND085,Jhansi,Rani Lakshmi Bai Central Agricultural University,Uttar Pradesh,25.4484,78.5685,860,30.6,0.62,0.33,16.2,65,High,1.48,JG 14,Integrated Disease Management,Rainfed,Red and Black Soil,Bundelkhand Zone
2023,IND085,Jhansi,Rani Lakshmi Bai Central Agricultural University,Uttar Pradesh,25.4484,78.5685,845,30.8,0.68,0.29,18.5,74,High,1.3,Pusa 256,Bio-control,Rainfed,Red Loam,Bundelkhand Zone
2024,IND085,Jhansi,Rani Lakshmi Bai Central Agricultural University,Uttar Pradesh,25.4484,78.5685,845,30.8,0.64,0.32,17,68,High,1.44,Pusa 256,Bio-control,Rainfed,Red and Black Soil,Bundelkhand Zone
2025,IND085,Jhansi,Rani Lakshmi Bai Central Agricultural University,Uttar Pradesh,25.4484,78.5685,830,31,0.7,0.28,19.2,77,High,1.26,JG 11,Climate-smart Agriculture,Protective Irrigation,Clay Loam,Bundelkhand Zone
2015,IND086,Kanpur,CSA University of Agriculture and Technology,Uttar Pradesh,26.4499,80.3319,890,28.8,0.62,0.33,15.5,58,High,1.52,JG 11,Integrated Disease Management,Rainfed,Alluvial Soil,Central Gangetic Plain
2016,IND086,Kanpur,CSA University of Agriculture and Technology,Uttar Pradesh,26.4499,80.3319,875,29,0.64,0.32,16.2,61,High,1.48,Pusa 372,Bio-control,Rainfed,Alluvial Soil,Central Gangetic Plain
2017,IND086,Kanpur,CSA University of Agriculture and Technology,Uttar Pradesh,26.4499,80.3319,860,29.2,0.66,0.31,17,64,High,1.44,JG 14,Climate-smart Agriculture,Protective Irrigation,Loamy Soil,Central Gangetic Plain
2018,IND086,Kanpur,CSA University of Agriculture and Technology,Uttar Pradesh,26.4499,80.3319,845,29.4,0.68,0.3,17.8,67,High,1.4,KAK 2,Microbial Consortium,Rainfed,Loamy Soil,Central Gangetic Plain
2019,IND086,Kanpur,CSA University of Agriculture and Technology,Uttar Pradesh,26.4499,80.3319,920,26.1,0.36,0.62,12.1,58,Moderate,2.24,Pusa 372,Integrated Nutrient Management,Canal Irrigation,Alluvial Soil,Gangetic Plains
2020,IND086,Kanpur,CSA University of Agriculture and Technology,Uttar Pradesh,26.4499,80.3319,830,29.6,0.7,0.29,18.5,70,High,1.36,JG 11,Precision Farming,Rainfed,Alluvial Soil,Central Gangetic Plain
2021,IND086,Kanpur,CSA University of Agriculture and Technology,Uttar Pradesh,26.4499,80.3319,875,27,0.41,0.58,13.7,63,Moderate,2.11,Asha,Precision Farming,Protective Irrigation,Loamy Soil,Gangetic Plains
2022,IND086,Kanpur,CSA University of Agriculture and Technology,Uttar Pradesh,26.4499,80.3319,815,29.8,0.72,0.28,19.2,73,High,1.32,BG 372,AI Advisory,Supplemental Irrigation,Alluvial Soil,Central Gangetic Plain
2023,IND086,Kanpur,CSA University of Agriculture and Technology,Uttar Pradesh,26.4499,80.3319,830,27.8,0.46,0.54,15.3,69,High,1.96,BG 372,Climate-smart Agriculture,Drip-assisted,Alluvial Soil,Gangetic Plains
2024,IND086,Kanpur,CSA University of Agriculture and Technology,Uttar Pradesh,26.4499,80.3319,890,29.4,0.56,0.36,13.8,55,High,1.6,JG 11,Integrated Disease Management,Rainfed,Alluvial Soil,Central Plain Zone
2025,IND086,Kanpur,CSA University of Agriculture and Technology,Uttar Pradesh,26.4499,80.3319,875,29.6,0.58,0.35,14.5,58,High,1.56,Pusa 372,Bio-control,Rainfed,Alluvial Soil,Central Plain Zone
2015,IND087,Maunath Bhanjan,ICAR National Bureau of Agriculturally Important Microorganisms,Uttar Pradesh,25.9417,83.5611,1020,27.6,0.48,0.42,9.5,36,Moderate,1.84,JG 14,Integrated Disease Management,Rainfed,Alluvial Soil,Eastern Uttar Pradesh Plain
2016,IND087,Maunath Bhanjan,ICAR National Bureau of Agriculturally Important Microorganisms,Uttar Pradesh,25.9417,83.5611,1005,27.8,0.5,0.41,10.2,39,Moderate,1.8,Pusa 256,Bio-control,Rainfed,Alluvial Soil,Eastern Uttar Pradesh Plain
2017,IND087,Maunath Bhanjan,ICAR National Bureau of Agriculturally Important Microorganisms,Uttar Pradesh,25.9417,83.5611,990,28,0.52,0.4,11,42,Moderate,1.76,JG 11,Climate-smart Agriculture,Protective Irrigation,Clay Loam,Eastern Uttar Pradesh Plain
2018,IND087,Maunath Bhanjan,ICAR National Bureau of Agriculturally Important Microorganisms,Uttar Pradesh,25.9417,83.5611,975,28.2,0.54,0.39,11.8,45,Moderate,1.72,KAK 2,Microbial Consortium,Rainfed,Clay Loam,Eastern Uttar Pradesh Plain
2019,IND087,Maunath Bhanjan,ICAR National Bureau of Agriculturally Important Microorganisms,Uttar Pradesh,25.9417,83.5611,960,28.4,0.56,0.38,12.5,48,Moderate,1.68,JG 14,Precision Farming,Rainfed,Alluvial Soil,Eastern Uttar Pradesh Plain
2020,IND087,Maunath Bhanjan,ICAR National Bureau of Agriculturally Important Microorganisms,Uttar Pradesh,25.9417,83.5611,945,28.6,0.58,0.37,13.2,51,Moderate,1.64,BG 372,AI Advisory,Supplemental Irrigation,Alluvial Soil,Eastern Uttar Pradesh Plain
2021,IND087,Maunath Bhanjan,ICAR National Bureau of Agriculturally Important Microorganisms,Uttar Pradesh,25.9417,83.5611,1020,28.8,0.48,0.42,11.2,45,Moderate,1.76,JG 14,Integrated Disease Management,Rainfed,Alluvial Soil,Eastern Gangetic Plain
2022,IND087,Maunath Bhanjan,ICAR National Bureau of Agriculturally Important Microorganisms,Uttar Pradesh,25.9417,83.5611,1005,29,0.5,0.41,12,48,Moderate,1.72,Pusa 256,Bio-control,Rainfed,Alluvial Soil,Eastern Gangetic Plain
2023,IND087,Maunath Bhanjan,ICAR National Bureau of Agriculturally Important Microorganisms,Uttar Pradesh,25.9417,83.5611,990,29.2,0.52,0.4,12.8,51,Moderate,1.68,JG 11,Climate-smart Agriculture,Protective Irrigation,Silty Clay,Eastern Gangetic Plain
2024,IND087,Maunath Bhanjan,ICAR National Bureau of Agriculturally Important Microorganisms,Uttar Pradesh,25.9417,83.5611,975,29.4,0.54,0.39,13.5,54,High,1.64,BG 372,Precision Farming,Supplemental Irrigation,Silty Clay,Eastern Gangetic Plain
2015,IND088,Meerut,Chaudhary Charan Singh University,Uttar Pradesh,28.9845,77.7064,760,28.3,0.56,0.35,13,49,Moderate,1.7,JG 11,Integrated Disease Management,Rainfed,Alluvial Soil,Upper Gangetic Plain
2016,IND088,Meerut,Chaudhary Charan Singh University,Uttar Pradesh,28.9845,77.7064,750,28.5,0.58,0.34,13.8,52,Moderate,1.66,Pusa 372,Bio-control,Rainfed,Alluvial Soil,Upper Gangetic Plain
2017,IND088,Meerut,Chaudhary Charan Singh University,Uttar Pradesh,28.9845,77.7064,740,28.7,0.6,0.33,14.5,55,High,1.62,JG 14,Climate-smart Agriculture,Protective Irrigation,Loamy Soil,Upper Gangetic Plain
2018,IND088,Meerut,Chaudhary Charan Singh University,Uttar Pradesh,28.9845,77.7064,730,28.9,0.62,0.32,15.2,58,High,1.58,KAK 2,Microbial Consortium,Rainfed,Loamy Soil,Upper Gangetic Plain
2019,IND088,Meerut,Chaudhary Charan Singh University,Uttar Pradesh,28.9845,77.7064,720,29.1,0.64,0.31,16,61,High,1.54,JG 11,Precision Farming,Rainfed,Alluvial Soil,Upper Gangetic Plain
2020,IND088,Meerut,Chaudhary Charan Singh University,Uttar Pradesh,28.9845,77.7064,710,29.3,0.66,0.3,16.8,64,High,1.5,BG 372,AI Advisory,Supplemental Irrigation,Alluvial Soil,Upper Gangetic Plain
2021,IND088,Meerut,Chaudhary Charan Singh University,Uttar Pradesh,28.9845,77.7064,820,29.2,0.54,0.38,13.2,53,Moderate,1.66,JG 11,Integrated Disease Management,Rainfed,Alluvial Loam,Upper Gangetic Plain
2022,IND088,Meerut,Chaudhary Charan Singh University,Uttar Pradesh,28.9845,77.7064,805,29.4,0.56,0.37,14,56,High,1.62,Pusa 372,Bio-control,Rainfed,Alluvial Loam,Upper Gangetic Plain
2023,IND088,Meerut,Chaudhary Charan Singh University,Uttar Pradesh,28.9845,77.7064,790,29.6,0.58,0.36,14.8,59,High,1.58,JG 14,Climate-smart Agriculture,Protective Irrigation,Clay Loam,Upper Gangetic Plain
2024,IND088,Meerut,Chaudhary Charan Singh University,Uttar Pradesh,28.9845,77.7064,775,29.8,0.6,0.35,15.5,62,High,1.54,BG 372,Precision Farming,Supplemental Irrigation,Clay Loam,Upper Gangetic Plain
2015,IND089,Meerut,Sardar Vallabhbhai Patel University of Agriculture and Technology,Uttar Pradesh,28.973,77.6412,780,28.4,0.58,0.34,14,52,High,1.66,JG 14,Integrated Disease Management,Rainfed,Alluvial Soil,Upper Gangetic Plain
2016,IND089,Meerut,Sardar Vallabhbhai Patel University of Agriculture and Technology,Uttar Pradesh,28.973,77.6412,770,28.6,0.6,0.33,14.8,55,High,1.62,Pusa 256,Bio-control,Rainfed,Alluvial Soil,Upper Gangetic Plain
2017,IND089,Meerut,Sardar Vallabhbhai Patel University of Agriculture and Technology,Uttar Pradesh,28.973,77.6412,760,28.8,0.62,0.32,15.5,58,High,1.58,JG 11,Climate-smart Agriculture,Protective Irrigation,Loamy Soil,Upper Gangetic Plain
2018,IND089,Meerut,Sardar Vallabhbhai Patel University of Agriculture and Technology,Uttar Pradesh,28.973,77.6412,750,29,0.64,0.31,16.2,61,High,1.54,KAK 2,Microbial Consortium,Rainfed,Loamy Soil,Upper Gangetic Plain
2019,IND089,Meerut,Sardar Vallabhbhai Patel University of Agriculture and Technology,Uttar Pradesh,28.973,77.6412,740,29.2,0.66,0.3,17,64,High,1.5,JG 14,Precision Farming,Rainfed,Alluvial Soil,Upper Gangetic Plain
2020,IND089,Meerut,Sardar Vallabhbhai Patel University of Agriculture and Technology,Uttar Pradesh,28.973,77.6412,730,29.4,0.68,0.29,17.8,67,High,1.46,BG 372,AI Advisory,Supplemental Irrigation,Alluvial Soil,Upper Gangetic Plain
2021,IND089,Meerut,Sardar Vallabhbhai Patel University of Agriculture and Technology,Uttar Pradesh,29.0744,77.7081,840,29,0.52,0.39,12.8,51,Moderate,1.7,JG 14,Integrated Disease Management,Rainfed,Alluvial Soil,Upper Gangetic Plain
2022,IND089,Meerut,Sardar Vallabhbhai Patel University of Agriculture and Technology,Uttar Pradesh,29.0744,77.7081,825,29.2,0.54,0.38,13.5,54,High,1.66,Pusa 256,Bio-control,Rainfed,Alluvial Soil,Upper Gangetic Plain
2023,IND089,Meerut,Sardar Vallabhbhai Patel University of Agriculture and Technology,Uttar Pradesh,29.0744,77.7081,810,29.4,0.56,0.37,14.2,57,High,1.62,JG 11,Climate-smart Agriculture,Protective Irrigation,Clay Loam,Upper Gangetic Plain
2024,IND089,Meerut,Sardar Vallabhbhai Patel University of Agriculture and Technology,Uttar Pradesh,29.0744,77.7081,795,29.6,0.58,0.36,15,60,High,1.58,BG 372,Precision Farming,Supplemental Irrigation,Clay Loam,Upper Gangetic Plain
2015,IND090,Prayagraj,Naini Agricultural Institute SHUATS,Uttar Pradesh,25.4358,81.8463,920,28.1,0.52,0.39,11,41,Moderate,1.78,JG 11,Integrated Disease Management,Rainfed,Alluvial Soil,Middle Gangetic Plain
2016,IND090,Prayagraj,Naini Agricultural Institute SHUATS,Uttar Pradesh,25.4358,81.8463,905,28.3,0.54,0.38,11.8,44,Moderate,1.74,Pusa 372,Bio-control,Rainfed,Alluvial Soil,Middle Gangetic Plain
2017,IND090,Prayagraj,Naini Agricultural Institute SHUATS,Uttar Pradesh,25.4358,81.8463,890,28.5,0.56,0.37,12.5,47,Moderate,1.7,JG 14,Climate-smart Agriculture,Protective Irrigation,Clay Loam,Middle Gangetic Plain
2018,IND090,Prayagraj,Naini Agricultural Institute SHUATS,Uttar Pradesh,25.4358,81.8463,875,28.7,0.58,0.36,13.2,50,Moderate,1.66,KAK 2,Microbial Consortium,Rainfed,Clay Loam,Middle Gangetic Plain
2019,IND090,Prayagraj,Naini Agricultural Institute SHUATS,Uttar Pradesh,25.4358,81.8463,860,28.9,0.6,0.35,14,53,High,1.62,JG 11,Precision Farming,Rainfed,Alluvial Soil,Middle Gangetic Plain
2020,IND090,Prayagraj,Naini Agricultural Institute SHUATS,Uttar Pradesh,25.4358,81.8463,845,29.1,0.62,0.34,14.8,56,High,1.58,BG 372,AI Advisory,Supplemental Irrigation,Alluvial Soil,Middle Gangetic Plain
2021,IND090,Prayagraj,Naini Agricultural Institute SHUATS,Uttar Pradesh,25.4358,81.8463,830,29.3,0.64,0.33,15.5,59,High,1.54,JG 14,Integrated Disease Management,Rainfed,Alluvial Soil,Middle Gangetic Plain
2022,IND090,Prayagraj,Naini Agricultural Institute SHUATS,Uttar Pradesh,25.4358,81.8463,980,29.4,0.5,0.4,12.5,50,Moderate,1.72,JG 11,Integrated Disease Management,Rainfed,Alluvial Soil,Middle Gangetic Plain
2023,IND090,Prayagraj,Naini Agricultural Institute SHUATS,Uttar Pradesh,25.4358,81.8463,815,29.5,0.66,0.32,16.2,62,High,1.5,Pusa 372,Bio-control,Rainfed,Alluvial Soil,Middle Gangetic Plain
2024,IND090,Prayagraj,Naini Agricultural Institute SHUATS,Uttar Pradesh,25.4358,81.8463,965,29.6,0.52,0.39,13.2,53,Moderate,1.68,Pusa 372,Bio-control,Rainfed,Alluvial Soil,Middle Gangetic Plain
2025,IND090,Prayagraj,Naini Agricultural Institute SHUATS,Uttar Pradesh,25.4358,81.8463,800,29.7,0.68,0.31,17,65,High,1.46,JG 11,Climate-smart Agriculture,Protective Irrigation,Clay Loam,Middle Gangetic Plain
2015,IND091,Varanasi,Banararas Hindu University,Uttar Pradesh,25.2677,82.9913,1010,29.4,0.52,0.39,13.2,53,Moderate,1.7,JG 11,Climate-smart Agriculture,Protective Irrigation,Silty Loam,Eastern Uttar Pradesh Plain
2016,IND091,Varanasi,Banaras Hindu University,Uttar Pradesh,25.2677,82.9913,1040,27.9,0.48,0.42,9.5,36,Moderate,1.86,JG 14,Integrated Disease Management,Rainfed,Alluvial Soil,Eastern Gangetic Plain
2017,IND091,Varanasi,Banaras Hindu University,Uttar Pradesh,25.2677,82.9913,1025,28.1,0.5,0.41,10.2,39,Moderate,1.82,Pusa 256,Bio-control,Rainfed,Alluvial Soil,Eastern Gangetic Plain
2018,IND091,Varanasi,Banaras Hindu University,Uttar Pradesh,25.2677,82.9913,1010,28.3,0.52,0.4,11,42,Moderate,1.78,JG 11,Climate-smart Agriculture,Protective Irrigation,Clay Loam,Eastern Gangetic Plain
2019,IND091,Varanasi,Banaras Hindu University,Uttar Pradesh,25.2677,82.9913,995,28.5,0.54,0.39,11.8,45,Moderate,1.74,KAK 2,Microbial Consortium,Rainfed,Clay Loam,Eastern Gangetic Plain
2020,IND091,Varanasi,Banaras Hindu University,Uttar Pradesh,25.2677,82.9913,980,28.7,0.56,0.38,12.5,48,Moderate,1.7,JG 14,Precision Farming,Rainfed,Alluvial Soil,Eastern Gangetic Plain
2021,IND091,Varanasi,Banaras Hindu University,Uttar Pradesh,25.2677,82.9913,965,28.9,0.58,0.37,13.2,51,Moderate,1.66,BG 372,AI Advisory,Supplemental Irrigation,Alluvial Soil,Eastern Gangetic Plain
2022,IND091,Varanasi,Banaras Hindu University,Uttar Pradesh,25.2677,82.9913,950,29.1,0.6,0.36,14,54,High,1.62,JG 14,Integrated Disease Management,Rainfed,Alluvial Soil,Eastern Gangetic Plain
2023,IND091,Varanasi,Banaras Hindu University,Uttar Pradesh,25.2677,82.9913,1040,29,0.48,0.41,11.8,47,Moderate,1.78,JG 14,Integrated Disease Management,Rainfed,Alluvial Soil,Eastern Uttar Pradesh Plain
2024,IND091,Varanasi,Banaras Hindu University,Uttar Pradesh,25.2677,82.9913,935,29.3,0.62,0.35,14.8,57,High,1.58,Pusa 256,Bio-control,Rainfed,Alluvial Soil,Eastern Gangetic Plain
2025,IND091,Varanasi,Banaras Hindu University,Uttar Pradesh,25.2677,82.9913,1025,29.2,0.5,0.4,12.5,50,Moderate,1.74,Pusa 256,Bio-control,Rainfed,Alluvial Soil,Eastern Uttar Pradesh Plain
2015,IND092,Pantnagar,G.B. Pant University of Agriculture and Technology,Uttarakhand,29.0222,79.49,1380,24.6,0.34,0.56,6,24,Low,2.04,JG 11,Integrated Disease Management,Rainfed,Silty Loam,Terai Agro-climatic Zone
2016,IND092,Pantnagar,G.B. Pant University of Agriculture and Technology,Uttarakhand,29.0222,79.49,1365,24.8,0.36,0.55,6.5,26,Low,2,Pusa 372,Bio-control,Rainfed,Silty Loam,Terai Agro-climatic Zone
2017,IND092,Pantnagar,G.B. Pant University of Agriculture and Technology,Uttarakhand,29.0222,79.49,1350,25,0.38,0.54,7,28,Low,1.96,JG 14,Climate-smart Agriculture,Protective Irrigation,Alluvial Soil,Terai Agro-climatic Zone
2018,IND092,Pantnagar,G.B. Pant University of Agriculture and Technology,Uttarakhand,29.0222,79.49,1335,25.2,0.4,0.53,7.5,30,Low,1.92,KAK 2,Microbial Consortium,Rainfed,Alluvial Soil,Terai Agro-climatic Zone
2019,IND092,Pantnagar,G.B. Pant University of Agriculture and Technology,Uttarakhand,29.0222,79.49,1320,25.4,0.42,0.52,8,32,Low,1.88,JG 11,Precision Farming,Rainfed,Silty Loam,Terai Agro-climatic Zone
2020,IND092,Pantnagar,G.B. Pant University of Agriculture and Technology,Uttarakhand,29.0222,79.49,1305,25.6,0.44,0.51,8.5,34,Low,1.84,BG 372,AI Advisory,Supplemental Irrigation,Silty Loam,Terai Agro-climatic Zone
2021,IND092,Pantnagar,G.B. Pant University of Agriculture and Technology,Uttarakhand,29.0222,79.49,1290,25.8,0.46,0.5,9,36,Moderate,1.8,JG 11,Integrated Disease Management,Rainfed,Silty Loam,Terai Agro-climatic Zone
2022,IND092,Pantnagar,G.B. Pant University of Agriculture and Technology,Uttarakhand,29.0222,79.49,1420,25.6,0.36,0.52,8,32,Low,1.96,JG 11,Integrated Disease Management,Rainfed,Terai Soil,Terai and Bhabar Zone
2023,IND092,Pantnagar,G.B. Pant University of Agriculture and Technology,Uttarakhand,29.0222,79.49,1275,26,0.48,0.49,9.5,38,Moderate,1.76,Pusa 372,Bio-control,Rainfed,Silty Loam,Terai Agro-climatic Zone
2024,IND092,Pantnagar,G.B. Pant University of Agriculture and Technology,Uttarakhand,29.0222,79.49,1405,25.8,0.38,0.51,8.5,34,Low,1.92,Pusa 372,Bio-control,Rainfed,Terai Soil,Terai and Bhabar Zone
2025,IND092,Pantnagar,G.B. Pant University of Agriculture and Technology,Uttarakhand,29.0222,79.49,1260,26.2,0.5,0.48,10,40,Moderate,1.72,JG 14,Climate-smart Agriculture,Protective Irrigation,Alluvial Soil,Terai Agro-climatic Zone
2015,IND093,Bolpur,Palli Siksha Bhavana Visva Bharati,West Bengal,23.6683,87.6836,1320,27.1,0.4,0.48,8,30,Low,1.92,JG 14,Integrated Disease Management,Rainfed,Lateritic Soil,Red and Laterite Zone
2016,IND093,Bolpur,Palli Siksha Bhavana Visva Bharati,West Bengal,23.6683,87.6836,1305,27.3,0.42,0.47,8.5,32,Low,1.88,Pusa 256,Bio-control,Rainfed,Lateritic Soil,Red and Laterite Zone
2017,IND093,Bolpur,Palli Siksha Bhavana Visva Bharati,West Bengal,23.6683,87.6836,1290,27.5,0.44,0.46,9,34,Low,1.84,JG 11,Climate-smart Agriculture,Protective Irrigation,Red Loam,Red and Laterite Zone
2018,IND093,Bolpur,Palli Siksha Bhavana Visva Bharati,West Bengal,23.6683,87.6836,1275,27.7,0.46,0.45,9.5,36,Moderate,1.8,KAK 2,Microbial Consortium,Rainfed,Red Loam,Red and Laterite Zone
2019,IND093,Bolpur,Palli Siksha Bhavana Visva Bharati,West Bengal,23.6683,87.6836,1260,27.9,0.48,0.44,10,38,Moderate,1.76,JG 14,Precision Farming,Rainfed,Lateritic Soil,Red and Laterite Zone
2020,IND093,Bolpur,Palli Siksha Bhavana Visva Bharati,West Bengal,23.6683,87.6836,1245,28.1,0.5,0.43,10.5,40,Moderate,1.72,BG 372,AI Advisory,Supplemental Irrigation,Lateritic Soil,Red and Laterite Zone
2021,IND093,Bolpur,Palli Siksha Bhavana Visva Bharati,West Bengal,23.6683,87.6836,1230,28.3,0.52,0.42,11,42,Moderate,1.68,JG 14,Integrated Disease Management,Rainfed,Lateritic Soil,Red and Laterite Zone
2022,IND093,Bolpur,Palli Siksha Bhavana Visva Bharati,West Bengal,23.6683,87.6836,1280,28.4,0.42,0.45,10.2,41,Moderate,1.82,JG 14,Integrated Disease Management,Rainfed,Lateritic Soil,Red and Laterite Zone
2023,IND093,Bolpur,Palli Siksha Bhavana Visva Bharati,West Bengal,23.6683,87.6836,1215,28.5,0.54,0.41,11.8,45,Moderate,1.64,Pusa 256,Bio-control,Rainfed,Lateritic Soil,Red and Laterite Zone
2024,IND093,Bolpur,Palli Siksha Bhavana Visva Bharati,West Bengal,23.6683,87.6836,1265,28.6,0.44,0.44,10.8,43,Moderate,1.78,Pusa 256,Bio-control,Rainfed,Lateritic Soil,Red and Laterite Zone
2025,IND093,Bolpur,Palli Siksha Bhavana Visva Bharati,West Bengal,23.6683,87.6836,1200,28.7,0.56,0.4,12.5,48,Moderate,1.6,JG 11,Climate-smart Agriculture,Protective Irrigation,Red Loam,Red and Laterite Zone
2015,IND094,Kalyani,Bidhan Chandra Krishi Viswavidyalaya,West Bengal,22.975,88.4345,1480,26.8,0.36,0.52,6.5,26,Low,2,JG 11,Integrated Disease Management,Rainfed,Alluvial Soil,Lower Gangetic Plain
2016,IND094,Kalyani,Bidhan Chandra Krishi Viswavidyalaya,West Bengal,22.975,88.4345,1465,27,0.38,0.51,7,28,Low,1.96,Pusa 372,Bio-control,Rainfed,Alluvial Soil,Lower Gangetic Plain
2017,IND094,Kalyani,Bidhan Chandra Krishi Viswavidyalaya,West Bengal,22.975,88.4345,1450,27.2,0.4,0.5,7.5,30,Low,1.92,JG 14,Climate-smart Agriculture,Protective Irrigation,Clay Loam,Lower Gangetic Plain
2018,IND094,Kalyani,Bidhan Chandra Krishi Viswavidyalaya,West Bengal,22.975,88.4345,1435,27.4,0.42,0.49,8,32,Low,1.88,KAK 2,Microbial Consortium,Rainfed,Clay Loam,Lower Gangetic Plain
2019,IND094,Kalyani,Bidhan Chandra Krishi Viswavidyalaya,West Bengal,22.975,88.4345,1420,27.6,0.44,0.48,8.5,34,Low,1.84,JG 11,Precision Farming,Rainfed,Alluvial Soil,Lower Gangetic Plain
2020,IND094,Kalyani,Bidhan Chandra Krishi Viswavidyalaya,West Bengal,22.975,88.4345,1405,27.8,0.46,0.47,9,36,Moderate,1.8,BG 372,AI Advisory,Supplemental Irrigation,Alluvial Soil,Lower Gangetic Plain
2021,IND094,Kalyani,Bidhan Chandra Krishi Viswavidyalaya,West Bengal,22.975,88.4345,1390,28,0.48,0.46,9.5,38,Moderate,1.76,JG 11,Integrated Disease Management,Rainfed,Alluvial Soil,Lower Gangetic Plain
2022,IND094,Kalyani,Bidhan Chandra Krishi Viswavidyalaya,West Bengal,22.975,88.4345,1450,28.2,0.38,0.48,9.2,37,Low,1.9,JG 11,Integrated Disease Management,Rainfed,Alluvial Soil,Gangetic Alluvial Zone
2023,IND094,Kalyani,Bidhan Chandra Krishi Viswavidyalaya,West Bengal,22.975,88.4345,1375,28.2,0.5,0.45,10,40,Moderate,1.72,Pusa 372,Bio-control,Rainfed,Alluvial Soil,Lower Gangetic Plain
2024,IND094,Kalyani,Bidhan Chandra Krishi Viswavidyalaya,West Bengal,22.975,88.4345,1360,28.4,0.52,0.44,10.8,43,Moderate,1.68,JG 14,Climate-smart Agriculture,Protective Irrigation,Clay Loam,Lower Gangetic Plain
2025,IND094,Kalyani,Bidhan Chandra Krishi Viswavidyalaya,West Bengal,22.975,88.4345,1345,28.6,0.54,0.43,11.5,46,Moderate,1.64,BG 372,Precision Farming,Supplemental Irrigation,Clay Loam,Lower Gangetic Plain
2015,IND095,Latur,Latur Pulse Research Farm,Maharashtra,18.4088,76.5604,670,30.2,0.81,0.21,28,99,Very High,0.88,JG 11,Integrated Disease Management,Rainfed,Black Cotton Soil,Scarcity Zone
2016,IND095,Latur,Latur Pulse Research Farm,Maharashtra,18.4088,76.5604,660,30.4,0.83,0.2,28.8,99,Very High,0.84,Pusa 372,Bio-control,Rainfed,Black Cotton Soil,Scarcity Zone
2017,IND095,Latur,Latur Pulse Research Farm,Maharashtra,18.4088,76.5604,650,30.6,0.85,0.19,29.5,99,Very High,0.8,JG 14,Climate-smart Agriculture,Protective Irrigation,Vertisol,Scarcity Zone
2018,IND095,Latur,Latur Pulse Research Farm,Maharashtra,18.4088,76.5604,640,30.8,0.87,0.18,30.3,99,Very High,0.76,KAK 2,Microbial Consortium,Rainfed,Vertisol,Scarcity Zone
2019,IND095,Latur,Latur Pulse Research Farm,Maharashtra,18.4088,76.5604,630,31,0.89,0.17,31,99,Very High,0.72,JG 11,Precision Farming,Rainfed,Black Cotton Soil,Scarcity Zone
2020,IND095,Latur,Latur Pulse Research Farm,Maharashtra,18.4088,76.5604,620,31.2,0.91,0.16,31.8,99,Very High,0.68,BG 372,AI Advisory,Supplemental Irrigation,Black Cotton Soil,Scarcity Zone
2021,IND095,Latur,Latur Pulse Research Farm,Maharashtra,18.4088,76.5604,760,30.8,0.72,0.26,20,80,Very High,1.18,JG 11,Integrated Disease Management,Rainfed,Black Soil,Central Maharashtra Plateau
2022,IND095,Latur,Latur Pulse Research Farm,Maharashtra,18.4088,76.5604,690,31.4,0.72,0.27,19.2,77,High,1.3,JG 14,Integrated Disease Management,Rainfed,Deep Black Soil,Scarcity Zone
2023,IND095,Latur,Latur Pulse Research Farm,Maharashtra,18.4088,76.5604,745,31,0.74,0.25,20.8,83,Very High,1.14,Pusa 372,Bio-control,Rainfed,Black Soil,Central Maharashtra Plateau
2024,IND095,Latur,Latur Pulse Research Farm,Maharashtra,18.4088,76.5604,675,31.6,0.74,0.26,20,80,Very High,1.26,Pusa 256,Bio-control,Rainfed,Deep Black Soil,Scarcity Zone
2025,IND095,Latur,Latur Pulse Research Farm,Maharashtra,18.4088,76.5604,730,31.2,0.76,0.24,21.5,86,Very High,1.1,JG 14,Climate-smart Agriculture,Protective Irrigation,Vertisol,Central Maharashtra Plateau
